Ticker,Company,Sector,Industry,Country,Exchange,Index,P/E,EPS (ttm),Insider Own,Shs Outstand,Perf Week,Market Cap,Forward P/E,EPS next Y,Insider Trans,Shs Float,Perf Month,Enterprise Value,PEG,EPS next Q,Inst Own,Short Float,Perf Quarter,Income,P/S,EPS this Y,Inst Trans,Short Ratio,Perf Half Y,Sales,P/B,ROA,Short Interest,Perf YTD,Book/sh,P/C,EPS next 5Y,ROE,52W High,Perf Year,Cash/sh,P/FCF,EPS past 3/5Y,ROIC,52W Low,Perf 3Y,Dividend Est.,EV/EBITDA,Sales past 3/5Y,Gross Margin,Perf 5Y,Dividend TTM,EV/Sales,EPS Y/Y TTM,Oper. Margin,ATR (14),Perf 10Y,Dividend Ex-Date,Quick Ratio,Sales Y/Y TTM,Profit Margin,RSI (14),Recom,Dividend Gr. 3/5Y,Current Ratio,EPS Q/Q,SMA20,Beta,Target Price,Payout,Debt/Eq,Sales Q/Q,SMA50,Rel Volume,Prev Close,Employees,LT Debt/Eq,Earnings,SMA200,Avg Volume,Price,IPO,Option/Short,EPS/Sales Surpr.,Trades,Volume,Change,Volatility Week,Volatility Month
AAPL,Apple Inc,Technology,Consumer Electronics,USA,NASD,"DJIA, NDX, S&P 500",35.22,8.27,0.0012,14690000000.0,-0.0527,4275930000000.0005,30.21,0.1007,-0.022099999999999998,14670000000.0,-0.0259,4292130000000.0,2.37,1.89,0.6598999999999999,0.0106,0.16399999999999998,122580000000.0,9.47,0.1736,0.0,3.35,0.0443,451440000000.0,40.1,0.34909999999999997,155890000.0,0.0709,7.26,62.42,0.1273,1.4147,317.40 -8.28%,0.46149999999999997,4.66,33.1,6.89% 17.91%,0.6776000000000001,195.07 49.24%,0.584,1.08 (0.37%),26.83,1.81% 8.71%,0.47859999999999997,1.2861000000000002,1.05 (0.36%),9.51,0.2891,0.3264,7.32,10.7831,"May 11, 2026",1.02,0.1276,0.27149999999999996,44.05,1.98,4.26% 4.98%,1.07,0.22039999999999998,-0.042,1.09,318.45,0.1366,0.8,0.166,0.019799999999999998,0.83,295.63,166000.0,0.7,Apr 30 AMC,0.0909,46570000.0,291.13,"Dec 12, 1980",Yes / Yes,3.30% 1.58%,,38542774.0,-0.0152,0.0352,0.022400000000000003
ABNB,Airbnb Inc,Consumer Cyclical,Travel Services,USA,NASD,"NDX, S&P 500",32.58,4.06,0.32659999999999995,419000000.0,-0.009399999999999999,79730000000.0,21.8,0.18460000000000001,-0.011000000000000001,399650000.0,-0.0052,70190000000.0,1.03,1.26,0.5882999999999999,0.0368,0.0473,2520000000.0,6.27,0.2712,-0.0097,4.01,0.0369,12710000000.0,10.31,0.09699999999999999,14730000.0,-0.0253,12.83,6.61,0.2126,0.3233,147.25 -10.17%,-0.047,20.02,17.56,13.17% -,0.2489,110.81 19.38%,0.0617,,25.58,13.58% 29.50%,0.7238,-0.10890000000000001,,5.52,0.0235,0.2089,4.34,,,1.44,0.1318,0.198,46.61,2.13,- -,1.44,0.07339999999999999,-0.006999999999999999,1.15,157.19,0.0,0.33,0.1787,-0.022799999999999997,0.71,130.87,8200.0,0.32,May 07 AMC,0.026000000000000002,3670000.0,132.28,"Dec 10, 2020",Yes / Yes,-14.50% 2.34%,,2611071.0,0.0108,0.0315,0.0322
ADBE,Adobe Inc,Technology,Software - Application,USA,NASD,"NDX, S&P 500",11.67,17.48,0.002,404200000.0,-0.1886,82460000000.0,7.46,0.1263,-0.0888,403400000.0,-0.1358,83900000000.0,0.53,6.04,0.8331000000000001,0.0463,-0.18170000000000003,7230000000.0,3.27,0.159,-0.031400000000000004,3.22,-0.4054,25200000000.0,7.25,0.2491,18660000.0,-0.4171,28.16,14.66,0.1406,0.6295000000000001,416.39 -51.00%,-0.5068,13.92,7.99,18.25% 9.04%,0.43420000000000003,218.09 -6.45%,-0.5700999999999999,,8.46,10.89% 13.06%,0.8881999999999999,-0.6231,,3.33,0.12710000000000002,0.36329999999999996,11.35,1.1013,"Mar 24, 2005",0.91,0.1149,0.2869,29.38,2.52,- -,0.75,0.08039999999999999,-0.17079999999999998,1.43,276.32,0.0,0.61,0.12689999999999999,-0.16690000000000002,4.32,218.8,31360.0,0.45,Jun 11 AMC,-0.3161,5790000.0,204.02,"Aug 13, 1986",Yes / Yes,2.48% 2.54%,,25007240.0,-0.0676,0.0435,0.0391
ADI,Analog Devices Inc,Technology,Semiconductors,USA,NASD,"NDX, S&P 500",62.09,6.73,0.0028000000000000004,487090000.0,0.0409,203500000000.0,28.23,0.2057,-0.1261,485740000.0,-0.0338,208750000000.0,0.95,3.3,0.9007999999999999,0.0195,0.365,3310000000.0,15.97,0.5754,-0.0131,2.38,0.4838,12740000000.0,6.03,0.0695,9480000.0,0.5405,69.27,59.17,0.2966,0.0964,439.70 -4.98%,0.7998999999999999,7.06,44.58,-4.58% 6.82%,0.0809,218.37 91.32%,1.2263,4.25 (1.02%),33.86,-2.84% 14.49%,0.5861999999999999,1.4928,4.18 (1.00%),16.38,0.8332999999999999,0.3297,17.91,6.3348,"Jun 02, 2026",1.34,0.2975,0.2601,54.32,1.56,9.41% 10.14%,1.75,1.0973,0.016,1.18,457.9,0.8522,0.26,0.3725,0.0622,0.75,412.13,24500.0,0.21,May 20 BMO,0.3605,3990000.0,417.79,"Apr 03, 1979",Yes / Yes,7.03% 3.14%,,2982923.0,0.0137,0.0483,0.0407
ADP,Automatic Data Processing Inc,Technology,Software - Application,USA,NASD,"NDX, S&P 500",21.09,10.73,0.0018,400600000.0,-0.024700000000000003,90420000000.0,18.56,0.1011,-0.0043,399030000.0,0.0843,91590000000.0,1.85,2.59,0.8747,0.0384,0.0848,4350000000.0,4.19,0.106,0.0271,4.77,-0.1277,21600000000.0,14.27,0.0719,15330000.0,-0.1206,15.85,28.01,0.1001,0.7120000000000001,315.98 -28.41%,-0.2697,8.08,17.08,12.54% 11.86%,0.4082,188.16 20.22%,0.0359,6.51 (2.88%),14.51,7.61% 7.10%,0.5057,0.133,6.64 (2.94%),4.24,0.0971,0.2651,6.07,1.5974000000000002,"Jun 12, 2026",1.04,0.0692,0.20120000000000002,55.03,2.71,14.12% 11.33%,1.04,0.1045,0.0052,0.83,246.64,0.6031,0.69,0.0695,0.0645,0.68,225.77,67000.0,0.68,Apr 29 BMO,-0.0754,3210000.0,226.21,"Jun 26, 1967",Yes / Yes,2.23% 1.49%,,2189772.0,0.0019,0.0217,0.025699999999999997
ADSK,Autodesk Inc,Technology,Software - Application,USA,NASD,"NDX, S&P 500",28.99,6.84,0.0036,211000000.0,-0.1371,41870000000.0,13.98,0.1268,0.0045000000000000005,210240000.0,-0.1411,41670000000.0,0.87,3.12,0.9368000000000001,0.0311,-0.21,1460000000.0,5.57,0.2078,0.0111,3.07,-0.33880000000000005,7520000000.0,13.13,0.12990000000000002,6530000.0,-0.3297,15.11,14.32,0.15990000000000001,0.504,329.09 -39.70%,-0.3354,13.86,15.34,11.46% -0.79%,0.24969999999999998,204.80 -3.11%,-0.04650000000000001,,21.93,13.34% 13.69%,0.8568000000000001,-0.285,,5.54,0.4642,0.2248,10.19,2.532,"Mar 22, 2005",0.83,0.1888,0.1946,28.19,1.31,- -,0.83,2.2912,-0.1464,1.31,323.39,0.0,0.85,0.1963,-0.1585,2.63,205.57,14300.0,0.84,May 28 AMC,-0.2702,2130000.0,198.43,"Jun 28, 1985",Yes / Yes,5.15% 2.15%,,5599457.0,-0.0347,0.0489,0.0405
AEP,American Electric Power Company Inc,Utilities,Utilities - Regulated Electric,USA,NASD,"NDX, S&P 500",19.11,6.76,0.0032,543970000.0,0.0007000000000000001,70310000000.0,18.86,0.0788,-0.006,542350000.0,0.01,122710000000.0,2.29,1.51,0.8243,0.0594,-0.032799999999999996,3650000000.0,3.14,0.064,0.0002,8.26,0.132,22380000000.0,2.21,0.0329,32210000.0,0.1207,58.47,128.08,0.0825,0.12359999999999999,139.44 -7.32%,0.2544,1.01,,14.02% 8.53%,0.0461,100.72 28.31%,0.5442,3.86 (2.99%),13.77,4.09% 7.88%,0.3177,0.5246999999999999,3.78 (2.93%),5.48,0.31120000000000003,0.2439,2.37,0.9331,"May 08, 2026",0.39,0.09380000000000001,0.16329999999999997,50.45,2.08,5.67% 5.66%,0.53,0.0675,0.009000000000000001,0.51,144.32,0.5615,1.63,0.0672,-0.0167,1.07,128.48,17581.0,1.49,May 05 BMO,0.0545,3900000.0,129.23,"Sep 01, 1949",Yes / Yes,4.61% 5.32%,,4155634.0,0.0058,0.0165,0.0174
ALNY,Alnylam Pharmaceuticals Inc,Healthcare,Biotechnology,USA,NASD,NDX,67.21,4.21,0.0043,133440000.0,-0.0667,37760000000.0,26.52,0.42340000000000005,-0.1223,132940000.0,-0.0296,37730000000.0,0.34,1.63,0.9879000000000001,0.039900000000000005,-0.0975,577220000.0,8.81,2.2163999999999997,0.0006,4.78,-0.3007,4290000000.0,35.1,0.12359999999999999,5300000.0,-0.2887,8.06,12.55,0.7843000000000001,0.9693999999999999,495.55 -42.92%,-0.0716,22.54,58.88,- -,0.153,283.10 -0.09%,0.46490000000000004,,46.75,52.98% 49.77%,0.8083,0.7140000000000001,,8.8,3.0845,0.1754,10.42,3.4776,,3.06,0.8256999999999999,0.1346,40.23,1.71,- -,3.13,4.4032,-0.0406,0.28,443.88,0.0,2.76,0.9643,-0.0691,1.28,289.39,2500.0,2.51,Apr 30 BMO,-0.25120000000000003,1110000.0,282.85,"May 28, 2004",Yes / Yes,73.26% 4.63%,,1418958.0,-0.0226,0.037200000000000004,0.0336
AMAT,Applied Materials Inc,Technology,Semiconductor Equipment & Materials,USA,NASD,"NDX, S&P 500",53.3,10.64,0.0046,793960000.0,0.2522,450370000000.0,34.54,0.3428,-0.0177,790320000.0,0.2992,449400000000.0,1.23,3.36,0.8187000000000001,0.0252,0.6609,8510000000.0,15.52,0.2984,-0.0139,2.78,1.0615999999999999,29020000000.0,18.84,0.2302,19950000.0,1.2073,30.11,54.65,0.2814,0.3969,557.62 1.73%,2.2414,10.38,84.29,5.19% 17.18%,0.2849,154.46 267.24%,3.0515,1.84 (0.32%),48.67,3.37% 10.52%,0.48960000000000004,3.1460000000000004,1.91 (0.34%),15.48,0.2952,0.3013,29.7,22.5667,"Aug 20, 2026",1.8,0.0335,0.29309999999999997,74.01,1.48,20.39% 15.39%,2.51,0.3344,0.21230000000000002,1.6,526.48,0.20550000000000002,0.3,0.11410000000000001,0.32780000000000004,1.12,552.64,36500.0,0.25,May 14 AMC,0.8344,7170000.0,567.25,"Nov 01, 1982",Yes / Yes,6.73% 2.95%,,8029268.0,0.0264,0.0768,0.0537
AMD,Advanced Micro Devices Inc,Technology,Semiconductors,USA,NASD,"NDX, S&P 500",167.9,3.05,0.0049,1630000000.0,0.0969,834170000000.0,38.59,0.7754000000000001,-0.0742,1620000000.0,0.1483,825680000000.0,0.62,1.6,0.6829000000000001,0.027200000000000002,1.6453,5010000000.0,22.27,0.7908,-0.009000000000000001,1.18,1.3104,37450000000.0,12.94,0.0652,44070000.0,1.3887,39.55,67.5,0.6252,0.0806,546.44 -6.38%,3.3169999999999997,7.58,97.29,46.65% 5.13%,0.07429999999999999,115.06 344.61%,2.9598,,111.82,13.64% 28.82%,0.47090000000000004,5.2916,,22.05,1.2387000000000001,0.1165,32.39,117.419,,1.96,0.3497,0.13369999999999999,60.45,1.53,- -,2.72,0.9225,0.061399999999999996,2.49,492.52,0.0,0.06,0.3785,0.3226,0.84,488.45,31000.0,0.05,May 05 AMC,1.0146,37440000.0,511.57,"Oct 15, 1979",Yes / Yes,6.24% 3.57%,,31508237.0,0.0473,0.0766,0.060599999999999994
AMGN,AMGEN Inc,Healthcare,Drug Manufacturers - General,USA,NASD,"DJIA, NDX, S&P 500",24.7,14.38,0.0023,539700000.0,0.0161,191700000000.0,15.15,0.047400000000000005,-0.043899999999999995,538480000.0,0.0557,236990000000.0,4.07,5.59,0.8198000000000001,0.022000000000000002,-0.0301,7800000000.0,5.14,0.025099999999999997,-0.0121,4.45,0.1263,37300000000.0,20.86,0.0858,11850000.0,0.0852,17.03,15.92,0.037200000000000004,1.0131999999999999,391.29 -9.22%,0.1948,22.3,22.3,5.51% 2.93%,0.1277,267.83 32.62%,0.6342,10.20 (2.87%),14.16,12.09% 7.79%,0.7151000000000001,0.4631,9.80 (2.76%),6.35,0.3114,0.3175,8.95,1.2949000000000002,"May 15, 2026",1.01,0.09939999999999999,0.2091,61.93,2.39,7.05% 8.27%,1.26,0.045700000000000005,0.0504,0.4,352.61,0.6692,6.24,0.0693,0.0438,1.01,354.06,31500.0,5.65,Apr 30 AMC,0.07400000000000001,2660000.0,355.2,"Jun 17, 1983",Yes / Yes,8.04% 0.50%,,2698896.0,0.0032,0.0288,0.0236
AMZN,Amazon.com Inc,Consumer Cyclical,Internet Retail,USA,NASD,"DJIA, NDX, S&P 500",28.51,8.37,0.0895,10750000000.0,-0.0304,2566110000000.0,23.69,0.145,-0.0003,9790000000.0,-0.11689999999999999,2646990000000.0,1.1,1.81,0.6663,0.009399999999999999,0.1487,90800000000.0,3.45,0.22640000000000002,0.0,2.08,0.0292,742780000000.0,5.81,0.1164,92450000.0,0.0335,41.09,17.58,0.2161,0.24280000000000002,278.56 -14.36%,0.11869999999999999,13.57,,- 27.96%,0.1393,196.00 21.71%,0.8847,,16.48,11.73% 13.18%,0.506,0.4255,,3.56,0.3555,0.12140000000000001,7.46,5.645700000000001,,1.01,0.1422,0.1222,34.76,1.23,- -,1.18,0.7533,-0.0727,1.46,317.34,0.0,0.51,0.1661,-0.0637,1.15,241.51,1576000.0,0.47,Apr 29 AMC,0.026000000000000002,44430000.0,238.55,"May 15, 1997",Yes / Yes,70.21% 2.39%,,51009929.0,-0.0123,0.0332,0.026600000000000002
APP,Applovin Corp,Communication Services,Advertising Agencies,USA,NASD,"NDX, S&P 500",43.82,11.34,0.23559999999999998,306090000.0,-0.1085,166880000000.0,23.19,0.33240000000000003,-0.0064,256779999.99999997,0.0953,167640000000.0,0.56,3.75,0.6514,0.05,0.08310000000000001,3860000000.0,27.07,0.6487,-0.0876,2.79,-0.29359999999999997,6160000000.0,70.68,0.5837,12830000.0,-0.26280000000000003,7.03,60.49,0.4174,2.6642,745.61 -33.37%,0.3053,8.21,37.66,- -,0.6561,320.00 55.24%,21.1971,,34.03,21.89% 30.45%,0.8747,5.0273,,27.2,1.0103,0.775,33.99,,,3.24,0.2004,0.6256,45.47,1.35,- -,3.24,1.13,-0.0692,2.51,659.9,0.0,1.49,0.2415,0.0259,0.94,478.57,898.0,1.49,May 06 AMC,-0.0832,4590000.0,496.77,"Apr 15, 2021",Yes / Yes,3.37% 3.87%,,4332781.0,0.038,0.06309999999999999,0.0665
ARM,Arm Holdings Plc ADR,Technology,Semiconductors,United Kingdom,NASD,NDX,449.92,0.85,0.0046,1060000000.0,0.1105,405180000000.0,126.31,0.38549999999999995,-0.0583,1060000000.0,0.7215,402070000000.0,4.21,0.4,0.08070000000000001,0.0175,2.2899000000000003,904000000.0,82.35,0.2293,0.0084,1.78,1.6909,4920000000.0,48.9,0.09210000000000002,18510000.0,2.4838,7.79,112.52,0.3002,0.1195,427.99 -11.02%,1.7472,3.38,413.87,18.34% 17.48%,0.1038,100.02 280.73%,,,350.24,22.46% 19.40%,0.9408,,,81.72,0.1294,0.1827,33.38,,,6.0,0.2279,0.1837,63.81,1.83,- -,6.0,0.4863,0.1748,3.74,271.38,0.0,0.06,0.2006,0.5671,1.58,342.23,9584.0,0.05,May 06 AMC,1.3468,10420000.0,380.81,"Sep 14, 2023",Yes / Yes,3.18% 1.13%,,16444995.0,0.1127,0.1191,0.0998
ASML,ASML Holding NV,Technology,Semiconductor Equipment & Materials,Netherlands,NASD,NDX,62.14,29.99,0.0004,385420000.0,0.1351,718250000000.0,37.48,0.33340000000000003,0.0,385250000.0,0.1783,711720000000.0,1.46,8.05,0.1869,0.0027,0.3848,11610000000.0,18.38,0.2626,-0.18109999999999998,0.57,0.6648999999999999,39070000000.0,29.93,0.22219999999999998,1030000.0,0.7419,62.27,74.42,0.256,0.5412,1903.50 -2.10%,1.3703,25.04,71.62,23.38% 23.58%,0.42810000000000004,683.48 172.66%,1.5522,10.05 (0.54%),48.08,18.33% 18.27%,0.526,1.6736000000000002,8.79 (0.47%),18.22,0.2642,0.3479,84.09,18.1369,"Apr 27, 2026",0.78,0.1856,0.29710000000000003,65.83,1.57,13.12% 21.86%,1.36,0.32420000000000004,0.1246,1.76,1826.01,0.2675,0.13,0.2588,0.21239999999999998,1.41,1899.48,44209.0,0.13,Apr 15 BMO,0.4966,1790000.0,1863.55,"Mar 15, 1995",Yes / Yes,9.38% 2.43%,,2518748.0,-0.0189,0.055,0.04019999999999999
AVGO,Broadcom Inc,Technology,Semiconductors,USA,NASD,"NDX, S&P 500",63.6,6.01,0.0194,4760000000.0,-0.0095,1817730000000.0,19.65,0.6798000000000001,-0.0167,4670000000.0,-0.0833,1863010000000.0,0.35,3.21,0.7868,0.0125,0.18600000000000003,29320000000.0,24.09,0.6970999999999999,-0.0064,2.29,-0.0748,75470000000.0,20.73,0.17059999999999997,58480000.0,0.1039,18.43,92.61,0.5585,0.3728,495.00 -22.81%,0.4921,4.13,55.48,21.56% 49.76%,0.195,244.17 56.48%,3.4668,2.62 (0.69%),44.29,24.38% 21.74%,0.6566,7.117100000000001,2.48 (0.65%),24.69,1.2517,0.4414,21.83,22.757600000000004,"Jun 22, 2026",2.01,0.32289999999999996,0.3885,41.4,1.32,12.90% 12.67%,2.24,0.8559,-0.0875,1.47,523.67,0.49520000000000003,0.74,0.47869999999999996,-0.06,1.0,385.57,33000.0,0.71,Jun 03 AMC,0.0669,25540000.0,382.07,"Aug 06, 2009",Yes / Yes,1.82% 0.26%,,25539879.0,-0.0091,0.048499999999999995,0.0426
AXON,Axon Enterprise Inc,Industrials,Aerospace & Defense,USA,NASD,"NDX, S&P 500",176.82,2.5,0.0576,80570000.0,-0.0913,35600000000.0,41.5,0.38439999999999996,-0.0163,75960000.0,0.1723,36680000000.0,1.56,1.83,0.8476,0.0434,-0.1097,205990000.0,11.93,0.12240000000000001,0.0275,2.93,-0.2228,2980000000.0,10.07,0.0313,3290000.0,-0.22219999999999998,43.86,47.53,0.2659,0.0676,885.91 -50.14%,-0.4302,9.29,1824.93,-9.30% -,0.0384,339.01 30.30%,1.244,,469.52,32.68% 32.48%,0.5932,1.8056999999999999,,12.3,-0.405,-0.0053,28.05,18.4082,,1.93,0.3395,0.069,51.38,1.35,- -,2.27,0.9013,0.012,1.42,676.88,0.0,0.52,0.3375,0.0766,0.64,446.2,6300.0,0.52,May 06 AMC,-0.1984,1130000.0,441.73,"Jun 07, 2001",Yes / Yes,0.81% 3.65%,,719559.0,-0.01,0.0655,0.0647
BKNG,Booking Holdings Inc,Consumer Cyclical,Travel Services,USA,NASD,"NDX, S&P 500",21.68,7.61,0.0023,780000000.0,-0.0054,127810000000.0,13.38,0.1793,-0.0451,773120000.0,0.0639,130570000000.0,0.82,2.44,0.9488,0.0315,-0.0278,6150000000.0,4.62,0.1459,-0.0269,3.25,-0.2186,27690000000.0,,0.2241,24390000.0,-0.23,-11.18,7.9,0.163,,233.58 -29.39%,-0.245,20.88,14.15,29.44% 158.57%,0.8542000000000001,150.14 9.86%,0.5827,1.53 (0.93%),12.51,16.35% 31.69%,0.973,0.7894,1.61 (0.97%),4.72,0.1745,0.34990000000000004,5.94,2.1265,"Jun 05, 2026",1.06,0.1495,0.2223,49.68,1.45,- -,1.06,2.3888,0.0118,1.09,224.8,0.23190000000000002,,0.1617,-0.0273,0.86,163.59,24300.0,,Apr 28 AMC,-0.13970000000000002,7500000.0,164.94,"Mar 30, 1999",Yes / Yes,6.02% 0.24%,,6480803.0,0.0083,0.0378,0.0335
BKR,Baker Hughes Co,Energy,Oil & Gas Equipment & Services,USA,NASD,"NDX, S&P 500",20.13,3.14,0.0026,991770000.0,0.0088,62640000000.0,22.07,0.1984,-0.2291,989450000.0,-0.0347,63020000000.0,2.78,0.49,0.9620000000000001,0.0255,0.1637,3120000000.0,2.25,-0.0817,-0.0304,2.9,0.3143,27890000000.0,3.24,0.07,25240000.0,0.3865,19.47,3.92,0.0795,0.1714,70.41 -10.33%,0.6345000000000001,16.09,27.33,- -,0.0897,37.38 68.91%,1.1195,0.94 (1.48%),12.94,9.44% 6.02%,0.2357,1.4369,0.92 (1.46%),2.26,0.0696,0.12960000000000002,2.03,0.973,"May 05, 2026",1.77,0.002,0.1117,46.17,1.81,8.02% 5.02%,2.13,1.3203,-0.0222,0.94,71.9,0.35340000000000005,0.84,0.024900000000000002,-0.018799999999999997,0.81,63.48,56000.0,0.8,Apr 23 AMC,0.1512,8710000.0,63.14,"Oct 03, 1961",Yes / Yes,17.62% 3.92%,,7071265.0,-0.0054,0.0279,0.029300000000000003
CCEP,Coca-Cola Europacific Partners Plc,Consumer Defensive,Beverages - Non-Alcoholic,United Kingdom,NASD,NDX,20.61,4.82,0.5544,474920000.0,0.048600000000000004,44030000000.0,17.73,0.0932,0.0,197510000.0,0.0866,56010000000.0,2.01,,0.35600000000000004,0.0355,-0.0111,2200000000.0,1.86,0.0766,-0.0348,3.68,0.1038,23610000000.0,4.85,0.0653,7010000.0,0.0953,20.49,39.17,0.08800000000000001,0.24420000000000003,110.90 -10.42%,0.0621,2.54,18.62,11.49% 30.96%,0.1036,84.65 17.35%,0.5363,2.55 (2.56%),13.32,9.02% 14.30%,0.3488,0.603,2.39 (2.41%),2.37,0.4468,0.13390000000000002,2.14,1.5769,"May 15, 2026",0.6,0.0682,0.09300000000000001,65.74,2.1,11.08% 18.43%,0.8,3.0705,0.060899999999999996,0.48,105.63,0.48479999999999995,1.36,0.0172,0.050499999999999996,0.75,97.69,39000.0,1.3,Feb 17 BMO,0.0681,1910000.0,99.34,"Nov 21, 1986",Yes / Yes,2.08% -1.65%,,1421877.0,0.0169,0.0168,0.021099999999999997
CDNS,Cadence Design Systems Inc,Technology,Software - Application,USA,NASD,"NDX, S&P 500",89.87,4.28,0.0044,275820000.0,0.0233,106180000000.0,41.13,0.1789,-0.15539999999999998,274610000.0,0.0858,107720000000.0,2.73,2.05,0.8712000000000001,0.0177,0.34119999999999995,1170000000.0,19.21,0.1119,0.0006,2.04,0.1387,5530000000.0,16.18,0.1109,4870000.0,0.2316,23.79,68.67,0.1509,0.2066,416.69 -7.61%,0.2505,5.61,74.26,9.54% 13.95%,0.127,262.75 46.51%,0.6506000000000001,,53.48,14.14% 14.57%,0.8515,1.9777,,19.48,0.08470000000000001,0.31739999999999996,16.56,14.5854,,1.32,0.13419999999999999,0.2118,55.54,1.48,- -,1.47,0.22649999999999998,0.0152,1.14,388.91,0.0,0.47,0.1866,0.11560000000000001,0.57,383.74,13800.0,0.41,Apr 27 AMC,0.1827,2380000.0,384.96,"Jun 10, 1987",Yes / Yes,2.82% 1.24%,,1366033.0,0.0032,0.0464,0.0416
CEG,Constellation Energy Corp,Utilities,Utilities - Independent Power Producers,USA,NASD,"NDX, S&P 500",22.04,11.51,0.0646,362000000.0,-0.0042,91660000000.0,18.74,0.15410000000000001,0.0,337840000.0,-0.07690000000000001,113290000000.0,0.84,2.44,0.7371,0.034300000000000004,-0.1591,3790000000.0,3.22,0.2493,0.0231,3.44,-0.2991,28500000000.0,2.74,0.0508,11590000.0,-0.2817,92.49,78.27,0.2243,0.16329999999999997,412.70 -38.51%,-0.1552,3.24,80.61,- 32.58%,0.0751,240.51 5.51%,1.7068,1.71 (0.67%),18.19,3.18% 8.81%,0.1318,,1.63 (0.64%),3.98,0.21100000000000002,0.1075,11.34,,"May 15, 2026",1.17,0.1487,0.133,39.88,1.32,40.40% -,1.36,10.9518,-0.0576,1.14,371.22,0.21,0.67,0.2345,-0.11,1.01,246.71,15339.0,0.51,May 11 BMO,-0.20739999999999997,3370000.0,253.76,"Jan 19, 2022",Yes / Yes,7.67% 31.50%,,3406409.0,0.0286,0.0326,0.0338
CHTR,Charter Communications Inc,Communication Services,Telecom Services,USA,NASD,"NDX, S&P 500",3.94,37.02,0.2774,122980000.0,0.10369999999999999,20190000000.0,3.22,0.0951,-0.0017000000000000001,88870000.0,0.019299999999999998,119480000000.0,0.23,10.25,0.8120999999999999,0.24059999999999998,-0.3317,4930000000.0,0.37,0.1418,0.009399999999999999,7.64,-0.31629999999999997,54640000000.0,1.09,0.0323,21380000.0,-0.3015,133.23,32.47,0.1388,0.3023,422.29 -65.47%,-0.6325999999999999,4.49,5.01,5.60% 18.65%,0.044500000000000005,126.70 15.09%,-0.5650999999999999,,5.44,0.46% 2.63%,0.4623,-0.7877,,2.19,0.0313,0.2421,7.37,-0.34759999999999996,,0.4,-0.0092,0.09029999999999999,47.06,2.85,- -,0.4,0.0892,0.0384,0.7,256.82,0.0,5.81,-0.01,-0.1568,1.2,139.14,91900.0,5.76,Apr 24 BMO,-0.3193,2800000.0,145.82,"Dec 02, 2009",Yes / Yes,-7.89% 0.35%,,3364445.0,0.048,0.0479,0.049400000000000006
CMCSA,Comcast Corp,Communication Services,Telecom Services,USA,NASD,"NDX, S&P 500",4.82,5.08,0.0105,3570000000.0,0.0285,87520000000.0,6.46,0.0795,-0.0019,3530000000.0,-0.0176,172930000000.0,,0.97,0.8955,0.023700000000000002,-0.1877,18800000000.0,0.7,-0.1852,0.0285,2.53,-0.0518,125280000000.0,0.99,0.0712,83840000.0,-0.1251,24.68,9.24,-0.0083,0.21489999999999998,34.34 -28.66%,-0.2585,2.65,4.29,64.46% 18.80%,0.1059,23.13 5.92%,-0.35729999999999995,1.33 (5.41%),4.86,0.62% 3.62%,0.5718,-0.5402,1.28 (5.22%),1.38,0.24780000000000002,0.1547,0.66,-0.1671,"Jul 01, 2026",0.87,0.0139,0.15,43.75,2.68,6.92% 7.49%,0.87,-0.3262,-0.0014000000000000002,0.66,32.98,0.24480000000000002,1.07,0.0525,-0.0698,0.79,23.97,179000.0,1.01,Apr 23 BMO,-0.1275,33119999.999999996,24.5,"Mar 17, 1980",Yes / Yes,9.00% 3.43%,,26310749.0,0.022099999999999998,0.0213,0.0252
COST,Costco Wholesale Corp,Consumer Defensive,Discount Stores,USA,NASD,"NDX, S&P 500",49.41,19.88,0.002,443510000.0,0.0108,435650000000.0,43.4,0.1035,-0.009300000000000001,442570000.0,-0.049100000000000005,423890000000.0,3.93,6.56,0.7092,0.0178,-0.0259,8840000000.0,1.48,0.1264,0.001,3.96,0.1234,293590000000.0,13.0,0.1092,7880000.0,0.1392,75.55,21.79,0.1105,0.2915,1096.50 -10.41%,-0.0203,45.09,49.47,11.49% 15.09%,0.2122,844.06 16.38%,0.9285,5.33 (0.54%),30.74,6.64% 10.54%,0.1288,1.6312,5.37 (0.55%),1.44,0.12689999999999999,0.0382,21.51,5.9263,"May 01, 2026",0.61,0.09230000000000001,0.0301,46.22,2.03,13.33% 12.75%,1.07,0.1527,-0.0187,0.87,1095.93,0.2702,0.25,0.1158,-0.0225,0.87,975.69,341000.0,0.24,May 28 AMC,0.026000000000000002,1990000.0,982.35,"Nov 27, 1985",Yes / Yes,-0.26% 0.64%,,1735522.0,0.0068000000000000005,0.0178,0.0222
CPRT,Copart Inc,Industrials,Specialty Business Services,USA,NASD,"NDX, S&P 500",19.16,1.61,0.08650000000000001,925810000.0,-0.0068000000000000005,28470000000.0,18.42,0.053099999999999994,-0.0006,845740000.0,-0.0665,24380000000.0,7.11,0.39,0.8388,0.04019999999999999,-0.098,1550000000.0,6.14,-0.0031,-0.0356,3.84,-0.21539999999999998,4640000000.0,3.24,0.16079999999999997,34030000.0,-0.2146,9.48,6.78,0.0259,0.1769,50.72 -39.38%,-0.3849,4.54,21.26,12.01% 16.72%,0.17550000000000002,29.97 2.62%,-0.2926,,12.71,9.90% 16.07%,0.4495,-0.0147,,5.26,0.056100000000000004,0.3657,0.95,4.0184,,7.37,0.0105,0.3348,36.87,2.21,- -,7.44,0.026699999999999998,-0.0433,1.01,40.57,0.0,0.01,0.0209,-0.0637,1.0,31.06,11600.0,0.01,May 21 AMC,-0.20670000000000002,8870000.0,30.75,"Mar 17, 1994",Yes / Yes,5.83% 3.54%,,8866730.0,-0.01,0.0256,0.032400000000000005
CRWD,Crowdstrike Holdings Inc,Technology,Software - Infrastructure,USA,NASD,"NDX, S&P 500",,-0.19,0.0353,254540000.0,0.0176,173820000000.0,109.45,0.2631,-0.0426,245570000.0,0.2137,170090000000.0,3.74,1.17,0.7121999999999999,0.030600000000000002,0.5456,-45210000.0,34.12,0.32409999999999994,-0.016399999999999998,2.13,0.31420000000000003,5090000000.0,37.51,-0.0045000000000000005,7510000.0,0.45659999999999995,18.21,37.85,0.2925,-0.011200000000000002,785.66 -13.09%,0.4174,18.04,121.44,6.21% -8.80%,-0.0083,342.72 99.23%,3.5186,,875.25,29.01% 40.64%,0.7489,1.9524000000000001,,33.39,0.7354,-0.0218,35.64,,,1.45,0.23170000000000002,-0.0089,58.72,1.57,- -,1.45,1.2428,0.0097,1.26,720.93,,0.18,0.2557,0.25579999999999997,0.65,691.53,10698.0,0.17,Jun 03 AMC,0.41009999999999996,3520000.0,682.8,"Jun 12, 2019",Yes / Yes,2.97% 1.67%,,2281027.0,-0.0126,0.057699999999999994,0.053899999999999997
CSCO,Cisco Systems Inc,Technology,Communication Equipment,USA,NASD,"DJIA, NDX, S&P 500",39.48,3.07,0.0024,3940000000.0,-0.0044,477310000000.0,25.32,0.1189,-0.016399999999999998,3930000000.0,0.1888,493670000000.0,2.22,1.17,0.8001,0.0158,0.546,12230000000.0,7.86,0.12210000000000001,-0.0034999999999999996,2.61,0.509,60750000000.0,9.77,0.09970000000000001,61950000.0,0.5721,12.4,28.68,0.1142,0.258,130.37 -7.11%,0.8602,4.22,40.49,-3.32% -0.69%,0.1759,63.93 89.43%,1.399,1.66 (1.37%),28.9,3.19% 2.82%,0.6353,1.2111,1.65 (1.36%),8.13,0.2597,0.2394,4.4,3.1715,"Jul 06, 2026",0.81,0.09210000000000002,0.20129999999999998,59.03,1.93,2.60% 2.67%,0.92,0.361,0.0024,1.0,130.9,0.6362,0.68,0.11960000000000001,0.1875,0.76,121.83,86200.0,0.42,May 13 AMC,0.48340000000000005,23760000.0,121.1,"Feb 16, 1990",Yes / Yes,2.43% 1.82%,,18126973.0,-0.006,0.037599999999999995,0.0373
CSX,CSX Corp,Industrials,Railroads,USA,NASD,"NDX, S&P 500",29.1,1.63,0.0018,1860000000.0,0.0123,88390000000.0,21.92,0.134,-0.0848,1850000000.0,0.07139999999999999,106630000000.0,1.62,0.49,0.789,0.0206,0.2104,3050000000.0,6.25,0.1887,0.005699999999999999,3.01,0.2826,14150000000.0,6.51,0.0698,38150000.0,0.3123,7.31,79.7,0.1351,0.2369,47.65 -0.18%,0.46869999999999995,0.6,46.42,-7.45% 5.15%,0.0947,31.80 49.59%,0.4682,0.55 (1.16%),16.24,-1.74% 5.89%,0.34590000000000004,0.4678,0.54 (1.14%),7.53,-0.0264,0.34590000000000004,0.94,4.329,"May 29, 2026",0.83,-0.0092,0.2155,62.12,2.08,9.14% 8.24%,0.97,0.2695,0.0258,1.2,46.6,0.3371,1.42,0.0172,0.0602,0.9,47.37,23000.0,1.37,Apr 22 AMC,0.2261,12660000.0,47.57,"Nov 03, 1980",Yes / Yes,10.54% -0.18%,,11359519.0,0.0043,0.0172,0.0206
CTAS,Cintas Corp,Industrials,Specialty Business Services,USA,NASD,"NDX, S&P 500",37.2,4.74,0.1444,400010000.0,-0.019799999999999998,70530000000.0,32.43,0.1107,-0.0001,342330000.0,0.07780000000000001,73260000000.0,2.93,1.24,0.6646,0.0349,-0.0926,1930000000.0,6.4,0.1124,0.0155,5.25,-0.0499,11030000000.0,14.73,0.1946,11940000.0,-0.06269999999999999,11.97,384.97,0.1106,0.4117,226.75 -22.26%,-0.2115,0.46,39.42,14.75% 16.77%,0.2601,161.16 9.38%,0.45530000000000004,1.75 (0.99%),24.14,9.60% 7.85%,0.4865,0.9984000000000001,1.80 (1.02%),6.64,0.0955,0.22949999999999998,4.69,6.46,"May 15, 2026",1.0,0.08710000000000001,0.1751,52.17,2.39,17.98% 19.51%,1.25,0.09939999999999999,0.0103,0.91,216.53,0.3544,0.61,0.08900000000000001,0.017,0.9,181.88,48300.0,0.55,Mar 25 BMO,-0.0592,2270000.0,176.28,"Aug 18, 1983",Yes / Yes,0.10% 0.73%,,2055242.0,-0.0308,0.0333,0.0248
CTSH,Cognizant Technology Solutions Corp,Technology,Information Technology Services,USA,NASD,"NDX, S&P 500",11.33,4.61,0.0049,474000000.0,-0.0195,24720000000.0,8.43,0.0828,-0.0163,471550000.0,0.1349,24300000000.0,0.92,1.38,1.0395,0.1277,-0.1358,2230000000.0,1.15,0.0824,0.0111,8.4,-0.37310000000000004,21410000000.0,1.64,0.11019999999999999,60210000.0,-0.3714,31.79,16.3,0.0915,0.14880000000000002,87.03 -40.06%,-0.35159999999999997,3.2,10.01,1.11% 12.13%,0.1394,45.48 14.71%,-0.1761,1.28 (2.46%),6.18,2.80% 4.86%,0.30870000000000003,-0.26780000000000004,1.28 (2.45%),1.14,-0.031,0.1577,2.09,-0.1344,"May 18, 2026",2.23,0.0655,0.1041,46.09,1.97,4.71% 7.10%,2.23,0.0361,-0.009899999999999999,0.82,72.55,0.27190000000000003,0.07,0.0583,-0.043899999999999995,0.94,51.18,351600.0,0.06,Apr 29 BMO,-0.2336,7170000.0,52.17,"Jun 19, 1998",Yes / Yes,4.38% -0.03%,,6732532.0,0.019299999999999998,0.0335,0.0401
DASH,DoorDash Inc,Consumer Cyclical,Internet Retail,USA,NASD,"NDX, S&P 500",71.73,2.1,0.1445,411550000.0,-0.0397,65610000000.0,33.75,0.7578,-0.008100000000000001,372770000.0,0.0101,63080000000.0,0.69,0.46,0.7585,0.046900000000000004,-0.0668,926000000.0,4.46,0.19149999999999998,-0.0227,3.84,-0.3165,14720000000.0,6.44,0.0556,17480000.0,-0.33509999999999995,23.39,11.25,0.48960000000000004,0.09960000000000001,285.50 -47.26%,-0.3048,13.39,37.45,- -,0.0692,143.30 5.08%,1.0807,,36.15,27.73% 36.58%,0.45020000000000004,-0.0232,,4.28,1.6738,0.059800000000000006,7.8,,,1.41,0.3096,0.0629,42.79,1.51,- -,1.41,-0.061200000000000004,-0.0415,1.8,247.17,0.0,0.32,0.3311,-0.0783,0.86,154.59,31400.0,0.31,May 06 AMC,-0.2616,4560000.0,150.58,"Dec 09, 2020",Yes / Yes,15.77% -2.78%,,3905511.0,-0.0259,0.052199999999999996,0.049699999999999994
DDOG,Datadog Inc,Technology,Software - Application,USA,NASD,"NDX, S&P 500",613.56,0.37,0.0911,330570000.0,-0.018000000000000002,81840000000.0,80.68,0.1747,-0.0579,323530000.0,0.1198,78360000000.0,4.15,0.58,0.8139,0.0437,0.8462999999999999,135670000.0,22.29,0.1833,0.004,2.49,0.5205,3670000000.0,20.51,0.0209,14140000.0,0.6906,11.21,17.2,0.1942,0.0393,278.70 -17.51%,0.8740000000000001,13.37,77.13,- -,0.0259,98.01 134.57%,1.3531,,707.94,26.95% 41.53%,0.7986,1.4078,,21.34,-0.21109999999999998,-0.006500000000000001,12.98,,,3.35,0.2954,0.0369,57.63,1.4,- -,3.35,1.1545999999999998,-0.006500000000000001,1.56,236.41,0.0,0.32,0.3215,0.29760000000000003,1.01,234.24,8100.0,0.31,May 07 BMO,0.5367999999999999,5680000.0,229.9,"Sep 19, 2019",Yes / Yes,18.16% 4.82%,,5708287.0,-0.018500000000000003,0.057300000000000004,0.053899999999999997
DXCM,Dexcom Inc,Healthcare,Medical Devices,USA,NASD,"NDX, S&P 500",32.24,2.34,0.0176,385900000.0,0.0344,29080000000.0,24.42,0.192,-0.0064,379080000.0,0.2868,28050000000.0,1.17,0.61,0.9751000000000001,0.045899999999999996,0.17329999999999998,930400000.0,6.04,0.23920000000000002,0.0066,3.2,0.11560000000000001,4820000000.0,9.84,0.139,17390000.0,0.1356,7.66,12.04,0.20800000000000002,0.35619999999999996,89.98 -16.24%,-0.09029999999999999,6.26,20.35,37.83% 10.55%,0.21530000000000002,54.11 39.29%,-0.4061,,21.71,17.01% 19.33%,0.6264,-0.24670000000000003,,5.82,0.7615000000000001,0.2145,2.86,3.1925,,1.64,0.16149999999999998,0.1931,62.85,1.39,- -,1.95,0.9220999999999999,0.0438,1.42,85.33,0.0,0.47,0.1505,0.14429999999999998,0.88,75.25,11100.0,0.46,Apr 30 AMC,0.1155,5430000.0,75.37,"Apr 14, 2005",Yes / Yes,20.27% 1.47%,,4760637.0,0.0016,0.0454,0.0425
EA,Electronic Arts Inc,Communication Services,Electronic Gaming & Multimedia,USA,NASD,"NDX, S&P 500",58.11,3.5,0.1024,250710000.0,0.0013,50970000000.0,21.24,0.0793,-0.0027,225080000.0,0.0154,49840000000.0,5.83,0.82,0.8212,0.043,0.0202,887000000.0,6.73,0.0339,-0.012199999999999999,5.12,-0.0012,7570000000.0,7.53,0.0696,9670000.0,-0.0052,26.98,17.1,0.0364,0.1349,204.88 -0.79%,0.3547,11.88,21.94,6.71% 4.11%,0.10369999999999999,146.97 38.31%,0.6163000000000001,0.76 (0.37%),32.51,1.51% 6.00%,0.7833,0.3886,0.76 (0.37%),6.58,-0.1704,0.1594,0.98,1.7002000000000002,"May 27, 2026",1.05,0.0172,0.11710000000000001,60.37,2.88,0.00% 8.31%,1.05,0.8506999999999999,0.0060999999999999995,0.64,209.5,0.2168,0.27,0.1365,0.0052,0.89,203.05,14600.0,0.26,May 05 AMC,0.0233,1890000.0,203.27,"Sep 20, 1989",Yes / Yes,-37.39% -5.68%,,1690326.0,0.0011,0.0048,0.0048
EXC,Exelon Corp,Utilities,Utilities - Regulated Electric,USA,NASD,"NDX, S&P 500",16.92,2.73,0.0008,1020000000.0,0.0101,47280000000.0,15.26,0.0621,0.0,1020000000.0,0.0438,97470000000.0,2.8,0.48,0.9179,0.0407,-0.0725,2780000000.0,1.91,0.0297,0.0034999999999999996,5.05,0.0677,24790000000.0,1.61,0.0245,41630000.0,0.0601,28.65,37.14,0.054400000000000004,0.09759999999999999,50.65 -8.77%,0.058899999999999994,1.24,,7.55% 6.36%,0.0358,42.18 9.55%,0.15789999999999998,1.68 (3.64%),10.95,8.34% -6.24%,0.2776,0.3815,1.64 (3.55%),3.93,0.0143,0.21030000000000001,0.91,0.873,"Jun 04, 2026",0.85,0.0458,0.1121,55.29,2.83,5.83% 0.90%,0.94,-0.004699999999999999,0.0218,0.31,49.56,0.585,1.76,0.0786,0.0013,0.77,45.51,20571.0,1.65,May 06 BMO,0.0088,8240000.0,46.21,"Jul 06, 1943",Yes / Yes,2.95% 4.56%,,6379461.0,0.0154,0.0181,0.018500000000000003
FANG,Diamondback Energy Inc,Energy,Oil & Gas E&P,USA,NASD,"NDX, S&P 500",216.63,0.89,0.30579999999999996,281310000.0,-0.0025,54050000000.0,11.06,-0.15,-0.2321,195280000.0,-0.0446,73940000000.0,1.21,6.2,0.6720999999999999,0.053899999999999997,0.0535,279000000.0,3.55,0.528,0.0709,3.61,0.19870000000000002,15220000000.0,1.48,0.004,10530000.0,0.2781,129.65,307.1,0.0911,0.0074,214.51 -10.43%,0.2866,0.63,11.46,-38.48% -,0.005600000000000001,134.30 43.06%,0.5422,4.34 (2.26%),7.47,15.93% 39.81%,0.33380000000000004,1.4344,4.15 (2.16%),4.86,-0.9457,0.3063,7.16,1.3780000000000001,"May 14, 2026",0.55,0.1809,0.0183,45.26,1.56,-23.57% 21.67%,0.56,-0.9839,-0.0338,0.4,234.17,0.6983,0.38,0.047400000000000005,-0.021,0.7,191.59,1762.0,0.36,May 04 AMC,0.1568,2910000.0,192.13,"Oct 12, 2012",Yes / Yes,13.18% 10.57%,,2032824.0,0.0028000000000000004,0.0331,0.032400000000000005
FAST,Fastenal Co,Industrials,Industrial Distribution,USA,NASD,"NDX, S&P 500",41.23,1.13,0.002,1150000000.0,-0.004699999999999999,53460000000.0,33.86,0.1047,-0.0225,1150000000.0,0.064,53600000000.0,3.13,0.33,0.8549,0.0248,0.024399999999999998,1300000000.0,6.33,0.1423,-0.0089,3.9,0.1378,8439999999.999999,13.4,0.2579,28460000.0,0.1605,3.48,173.25,0.1082,0.3385,50.63 -8.02%,0.0866,0.27,45.95,5.03% 7.95%,0.302,38.97 19.50%,0.6990999999999999,0.93 (2.00%),28.38,5.52% 7.75%,0.429,0.7852,0.92 (1.98%),6.35,0.1268,0.2025,1.0,3.24,"Apr 28, 2026",2.34,0.1094,0.1539,59.18,3.0,12.38% 11.97%,4.39,0.1358,0.0338,0.71,47.4,0.7998999999999999,0.11,0.12369999999999999,0.0317,0.63,46.39,24489.0,0.08,Apr 13 BMO,0.0471,7300000.0,46.57,"Aug 20, 1987",Yes / Yes,0.44% 0.24%,,4613557.0,0.0039000000000000003,0.020099999999999996,0.0208
FER,Ferrovial N. V,Industrials,Engineering & Construction,Netherlands,NASD,NDX,49.13,1.38,0.3636,728530000.0,0.0169,48960000000.0,49.63,0.201,0.0,458580000.0,0.0006,58610000000.0,6.01,0.24,0.3236,0.0070999999999999995,0.0748,995640000.0,4.49,-0.09269999999999999,-0.0043,2.24,0.024399999999999998,10900000000.0,7.06,0.0313,3250000.0,0.051500000000000004,9.63,9.76,0.08259999999999999,0.1471,74.79 -9.16%,0.3093,6.96,29.4,96.24% -,0.0548,50.10 35.61%,1.1762000000000001,1.12 (1.65%),35.51,11.04% 7.85%,0.10060000000000001,1.2275,1.29 (1.90%),5.38,-0.7143,0.10060000000000001,1.53,2.2584999999999997,"May 19, 2026",1.03,0.1013,0.09140000000000001,52.26,2.09,21.27% 23.66%,1.13,9.5324,0.0128,0.5,73.98,0.7648,1.82,0.0664,-0.0088,1.06,67.35,22609.0,1.62,Feb 25 AMC,0.0385,1450000.0,67.94,"Oct 21, 2010",Yes / Yes,- -1.83%,,1536365.0,0.0088,0.0258,0.0174
FTNT,Fortinet Inc,Technology,Software - Infrastructure,USA,NASD,"NDX, S&P 500",56.53,2.59,0.17059999999999997,734000000.0,0.011200000000000002,107190000000.0,42.79,0.0852,-0.0067,607640000.0,0.24309999999999998,104390000000.0,3.76,0.74,0.6981999999999999,0.0278,0.7534000000000001,1950000000.0,15.08,0.1414,-0.0045000000000000005,2.7,0.7929,7110000000.0,108.5,0.19269999999999998,16870000.0,0.8423,1.35,32.53,0.11380000000000001,1.3238999999999999,150.07 -2.51%,0.4391,4.5,44.01,31.56% 32.99%,1.3148,70.12 108.64%,1.0948,,44.21,15.46% 21.25%,0.8029999999999999,2.1952000000000003,,14.68,0.062400000000000004,0.3102,5.73,20.7062,,1.07,0.1575,0.2749,69.45,2.7,- -,1.15,0.2898,0.0646,1.09,113.32,0.0,0.5,0.20129999999999998,0.34240000000000004,0.77,145.06,15109.0,0.5,May 06 AMC,0.6525,6240000.0,146.3,"Nov 18, 2009",Yes / Yes,32.51% 6.72%,,4790574.0,0.0085,0.0454,0.042
GEHC,GE HealthCare Technologies Inc,Healthcare,Medical Devices,USA,NASD,"NDX, S&P 500",15.6,4.18,0.003,454890000.0,0.0079,29650000000.0,12.07,0.1069,0.08220000000000001,453540000.0,0.053200000000000004,38170000000.0,1.28,1.03,0.8822,0.0323,-0.079,1910000000.0,1.41,0.06280000000000001,-0.0187,3.03,-0.2284,20980000000.0,2.78,0.054000000000000006,14670000.0,-0.2053,23.45,12.98,0.09449999999999999,0.1924,89.77 -27.39%,-0.1085,5.02,19.52,2.53% 0.61%,0.09050000000000001,58.75 10.94%,-0.1672,0.11 (0.17%),11.22,3.99% 3.74%,0.3884,,0.14 (0.21%),1.82,-0.12359999999999999,0.1338,1.82,,"Apr 02, 2026",0.89,0.059699999999999996,0.091,53.62,1.62,- -,1.17,-0.3073,0.0271,0.81,78.62,0.0308,0.99,0.0741,-0.0134,0.66,64.51,54000.0,0.98,Apr 29 BMO,-0.1293,4840000.0,65.18,"Dec 15, 2022",Yes / Yes,-5.25% 1.76%,,3174462.0,0.0104,0.0276,0.0271
GILD,Gilead Sciences Inc,Healthcare,Drug Manufacturers - General,USA,NASD,"NDX, S&P 500",17.09,7.35,0.0014000000000000002,1240000000.0,-0.0276,155930000000.0,13.01,170.8588,-0.1822,1240000000.0,-0.056100000000000004,168200000000.0,1.43,-6.85,0.8878,0.0207,-0.1338,9220000000.0,5.23,-1.0070000000000001,-0.0149,3.88,0.035,29790000000.0,6.63,0.1635,25730000.0,0.0232,18.93,15.88,0.0911,0.43189999999999995,157.29 -20.15%,0.1208,7.91,15.24,23.06% 133.64%,0.2077,104.46 20.23%,0.613,3.24 (2.58%),11.39,2.83% 3.63%,0.7940999999999999,0.8262,3.19 (2.54%),5.65,0.5501,0.40409999999999996,3.57,0.48719999999999997,"Jun 15, 2026",1.77,0.0383,0.3094,40.4,1.52,2.67% 3.04%,1.97,0.5428999999999999,-0.032400000000000005,0.35,160.72,0.466,0.94,0.0509,-0.0555,0.78,125.87,17000.0,0.89,May 07 AMC,-0.0276,6620000.0,125.59,"Jan 22, 1992",Yes / Yes,6.31% 0.67%,,5199593.0,-0.0022,0.0349,0.0262
GOOG,Alphabet Inc,Communication Services,Internet Content & Information,USA,NASD,"NDX, S&P 500",27.32,13.11,0.5818,5460000000.0,-0.0208,4347600000000.0005,24.31,0.0349,-0.0003,5070000000.0,-0.1024,4315460000000.0,1.45,2.88,0.2726,0.0089,0.1881,160210000000.0,10.27,0.3172,0.0,2.21,0.1158,423170000000.0,9.06,0.2717,45220000.0,0.1414,39.51,34.28,0.1678,0.38880000000000003,404.47 -11.45%,1.0238,10.45,67.48,33.35% 29.82%,0.2804,163.33 119.29%,1.8803,0.86 (0.24%),26.06,12.78% 17.18%,0.6043,1.8494,0.85 (0.24%),10.2,0.4622,0.33630000000000004,10.69,8.957,"Jun 08, 2026",1.92,0.1777,0.3786,43.44,1.39,- -,1.92,0.8195999999999999,-0.0404,1.24,434.23,0.0768,0.2,0.2234,-0.0037,0.84,356.56,190820.0,0.19,Apr 29 AMC,0.16469999999999999,20420000.0,358.16,"Mar 27, 2014",Yes / Yes,90.44% 2.74%,,17217333.0,0.0045000000000000005,0.034,0.0264
GOOGL,Alphabet Inc,Communication Services,Internet Content & Information,USA,NASD,"NDX, S&P 500",27.44,13.11,0.521,5820000000.0,-0.024,4351290000000.0,24.41,0.0346,-0.0004,5800000000.0,-0.1067,4319149999999.9995,1.45,2.88,0.3887,0.0143,0.18989999999999999,160210000000.0,10.28,0.3176,0.0,2.81,0.1233,423170000000.0,9.1,0.2717,82910000.0,0.1491,39.51,34.31,0.1681,0.38880000000000003,408.61 -11.97%,1.0471,10.48,67.54,33.35% 29.82%,0.2804,162.00 122.02%,1.9091,0.86 (0.24%),26.08,12.78% 17.18%,0.6043,1.9601,0.85 (0.24%),10.21,0.4622,0.33630000000000004,10.68,8.811399999999999,"Jun 08, 2026",1.92,0.1777,0.3786,42.37,1.39,- -,1.92,0.8195999999999999,-0.044500000000000005,1.25,434.43,0.0768,0.2,0.2234,-0.0070999999999999995,0.82,357.77,190820.0,0.19,Apr 29 AMC,0.168,29470000.0,359.68,"Aug 19, 2004",Yes / Yes,90.52% 2.73%,,24021213.0,0.0053,0.0327,0.0262
HON,Honeywell International Inc,Industrials,Conglomerates,USA,NASD,"DJIA, NDX, S&P 500",31.23,7.05,0.001,633650000.0,0.0296,139600000000.0,19.22,0.09029999999999999,-0.041100000000000005,632990000.0,0.0108,166040000000.0,2.2,2.42,0.7847,0.0218,-0.0605,4510000000.0,3.52,0.0747,-0.012,3.3,0.1471,39660000000.0,10.27,0.060700000000000004,13820000.0,0.1293,21.45,11.27,0.0874,0.2916,248.18 -11.23%,0.0344,19.55,33.21,0.40% 1.83%,0.1039,186.76 17.96%,0.17800000000000002,4.75 (2.15%),17.88,1.84% 2.78%,0.38060000000000005,0.0384,4.63 (2.10%),4.19,-0.19,0.1956,6.97,1.1051,"May 15, 2026",1.1,0.0115,0.1137,49.47,1.96,4.88% 4.76%,1.39,-0.4216,-0.009899999999999999,0.86,251.87,0.6225,2.78,-0.069,-0.0073,1.1,219.12,101000.0,2.2,Apr 23 BMO,0.0345,4190000.0000000005,220.31,"Jan 01, 1927",Yes / Yes,5.50% -1.73%,,4603458.0,0.0054,0.0348,0.0298
IDXX,Idexx Laboratories Inc,Healthcare,Diagnostics & Research,USA,NASD,"NDX, S&P 500",41.27,13.59,0.0038,79240000.0,-0.0023,44240000000.0,33.85,0.13019999999999998,-0.1329,78580000.0,0.060899999999999996,45150000000.0,2.65,3.96,0.9322,0.0277,-0.0226,1100000000.0,9.95,0.1206,-0.0126,3.74,-0.20079999999999998,4450000000.0,28.56,0.3319,2180000.0,-0.1709,19.64,220.63,0.1277,0.7292000000000001,769.98 -27.16%,0.0645,2.54,40.98,17.66% 14.28%,0.5603,506.91 10.65%,0.218,,28.99,8.52% 9.72%,0.6211,-0.0404,,10.15,0.254,0.31679999999999997,16.77,5.310499999999999,,0.77,0.1308,0.2463,50.27,2.06,- -,1.06,0.1726,0.0063,1.53,714.36,0.0,0.71,0.1426,-0.0039000000000000003,0.89,557.91,11000.0,0.26,May 05 BMO,-0.1155,582.63K,560.88,"Jun 21, 1991",Yes / Yes,1.76% 2.00%,,516570.0,0.0053,0.028999999999999998,0.0285
INSM,Insmed Inc,Healthcare,Biotechnology,USA,NASD,NDX,,-5.74,0.0097,216520000.0,0.0385,21210000000.0,239.85,1.1449,-0.1999,214660000.0,-0.1707,20730000000.0,,-0.80,1.0185,0.0891,-0.2986,-1180000000.0,25.88,0.5614,0.0403,6.02,-0.48460000000000003,819560000.0,30.06,-0.6103999999999999,19130000.0,-0.4378,3.26,17.33,,-2.9446,212.75 -54.01%,0.01,5.64,,-17.91% -16.32%,-0.8227,90.39 8.25%,4.0179,,,35.20% 29.83%,0.8098000000000001,2.2552000000000003,,25.3,0.0342,-1.1777,5.99,7.9936,,4.1,1.1509,-1.4444,38.39,1.12,- -,4.47,0.46490000000000004,-0.0547,0.8,197.62,,1.06,2.2962000000000002,-0.21489999999999998,1.43,96.72,1664.0,1.04,May 07 BMO,-0.3663,3180000.0,97.85,"Feb 15, 1991",Yes / Yes,21.11% 1.71%,,4528996.0,0.011699999999999999,0.06309999999999999,0.0479
INTC,Intel Corp,Technology,Semiconductors,USA,NASD,"NDX, S&P 500",,-0.63,0.1551,5020000000.0,0.2561,626090000000.0,80.81,0.4228,-0.0001,4250000000.0,0.0356,651930000000.0,1.07,0.21,0.609,0.0318,1.7216999999999998,-3170000000.0,11.65,1.5796000000000001,0.0174,1.06,2.0547,53760000000.0,5.62,-0.016,134960000.0,2.3759,22.18,19.09,0.7561,-0.0301,132.75 -6.16%,4.9976,6.52,,- -,-0.0206,18.97 556.84%,2.7669,0.04 (0.04%),48.31,-5.71% -7.46%,0.359,1.1533,,12.13,0.8606999999999999,0.024700000000000003,9.48,2.888,"Aug 07, 2024",1.85,0.013600000000000001,-0.059000000000000004,62.43,2.53,- -,2.31,-2.8804000000000003,0.0958,2.21,99.98,,0.4,0.0718,0.3019,1.17,116.96,85100.0,0.39,Apr 23 AMC,1.3283,127270000.0,124.57,"May 03, 1973",Yes / Yes,1426.32% 9.33%,,148512656.0,0.06509999999999999,0.0902,0.07400000000000001
INTU,Intuit Inc,Technology,Software - Application,USA,NASD,"NDX, S&P 500",16.76,16.51,0.0216,274270000.0,-0.0675,75700000000.0,10.1,0.1501,-0.032,267630000.0,-0.2555,75820000000.0,0.65,3.54,0.8911,0.038900000000000004,-0.371,4580000000.0,3.62,0.1827,-0.001,2.43,-0.5822999999999999,20930000000.0,3.68,0.1208,10400000.0,-0.5821999999999999,75.21,11.16,0.1555,0.225,813.70 -65.99%,-0.6388,24.79,9.81,23.41% 14.60%,0.17170000000000002,273.27 1.27%,-0.3797,4.69 (1.70%),11.51,13.95% 19.65%,0.7764,-0.4139,4.64 (1.68%),3.62,0.3369,0.2747,18.85,1.5999,"Jul 09, 2026",1.45,0.1507,0.2191,32.59,1.56,15.21% 14.43%,1.45,0.1101,-0.14679999999999999,1.0,478.21,0.3043,0.33,0.10369999999999999,-0.2416,1.2,276.91,18200.0,0.29,May 20 AMC,-0.479,4280000.0,276.73,"Mar 12, 1993",Yes / Yes,1.83% 0.22%,,5142968.0,-0.0007000000000000001,0.0434,0.0492
ISRG,Intuitive Surgical Inc,Healthcare,Medical Instruments & Supplies,USA,NASD,"NDX, S&P 500",49.86,8.24,0.0067,354400000.0,-0.026099999999999998,145580000000.0,34.72,0.1333,-0.0222,351780000.0,-0.049100000000000005,141160000000.0,2.38,2.51,0.8559,0.0207,-0.1294,2980000000.0,13.76,0.1698,-0.012199999999999999,3.35,-0.2606,10580000000.0,8.34,0.1515,7270000.0,-0.2742,49.31,32.01,0.1458,0.1723,603.88 -31.93%,-0.19870000000000002,12.84,51.36,29.18% 21.79%,0.1705,396.68 3.63%,0.3106,,36.23,17.39% 18.22%,0.6628000000000001,0.4268,,13.34,0.20379999999999998,0.3045,12.64,4.7662,,3.59,0.2143,0.2815,40.42,1.89,- -,4.61,0.192,-0.0302,1.45,570.19,0.0,0.0,0.2296,-0.0727,0.8,412.9,17021.0,0.0,Apr 21 AMC,-0.16440000000000002,2170000.0,411.06,"Jun 13, 2000",Yes / Yes,17.83% 5.81%,,1737267.0,-0.0045000000000000005,0.0279,0.0288
KDP,Keurig Dr Pepper Inc,Consumer Defensive,Beverages - Non-Alcoholic,USA,NASD,"NDX, S&P 500",23.59,1.34,0.046900000000000004,1360000000.0,0.0387,43140000000.0,12.58,0.1035,-0.0002,1300000000.0,0.0819,59750000000.0,1.33,0.54,0.9667,0.0504,0.15689999999999998,1830000000.0,2.55,0.114,0.0264,5.74,0.0738,16940000000.000002,1.71,0.028900000000000002,65300000.0,0.1321,18.57,2.31,0.0946,0.0737,35.94 -11.76%,-0.0432,13.76,29.82,14.92% 10.36%,0.0351,24.88 27.48%,0.0154,0.94 (2.98%),14.06,5.71% 7.40%,0.5102,-0.0999,0.92 (2.90%),3.53,0.2161,0.205,0.72,1.1356,"Jun 26, 2026",2.12,0.0919,0.1081,69.78,2.05,5.66% 8.92%,2.31,-0.4783,0.0533,0.41,33.57,0.6031,1.24,0.09380000000000001,0.109,1.1,31.23,30600.0,1.06,Apr 23 BMO,0.1364,11380000.0,31.71,"Apr 28, 2008",Yes / Yes,4.73% 3.65%,,12565626.0,0.0154,0.0209,0.0232
KHC,Kraft Heinz Co,Consumer Defensive,Packaged Foods,USA,NASD,"NDX, S&P 500",,-4.86,0.004,1190000000.0,0.0802,28920000000.0,11.77,0.0077,-0.0106,1180000000.0,0.052199999999999996,45920000000.0,,0.53,0.878,0.0746,0.0802,-5760000000.0,1.16,-0.2091,-0.0036,5.91,0.0016,24990000000.0,0.69,-0.0669,88070000.0,0.0058,35.35,6.8,-0.059800000000000006,-0.1261,29.19 -16.44%,-0.0782,3.59,7.33,- -,-0.0942,21.03 15.95%,-0.3332,1.61 (6.58%),8.29,-1.98% -0.97%,0.3345,-0.43829999999999997,1.60 (6.56%),1.84,-3.1968,0.18230000000000002,0.6,-0.7142000000000001,"Jun 05, 2026",0.82,-0.0175,-0.2305,62.21,3.22,0.00% 0.00%,1.2,0.1264,0.0349,0.07,22.25,,0.5,0.008,0.0582,0.53,24.22,35000.0,0.46,May 06 BMO,0.008199999999999999,14910000.0,24.39,"Jul 06, 2015",Yes / Yes,15.81% 2.75%,,7852009.0,0.006999999999999999,0.0241,0.0254
KLAC,KLA Corp,Technology,Semiconductor Equipment & Materials,USA,NASD,"NDX, S&P 500",71.96,3.54,0.0013,1310000000.0,0.3194,332500000000.0,49.94,0.3753,-0.0666,1300000000.0,0.3761,333690000000.0,2.28,1.0,0.9059,0.0269,0.7943000000000001,4670000000.0,25.4,0.11359999999999999,-0.0154,3.39,1.0545,13090000000.0,57.06,0.2913,35040000.0,1.0948,4.46,67.06,0.2187,0.9498000000000001,243.13 4.69%,1.909,3.8,82.87,11.48% 31.57%,0.3917,83.22 205.85%,4.353899999999999,0.79 (0.31%),56.94,9.71% 15.93%,0.5991,6.9516,0.08 (0.03%),25.49,0.284,0.4177,13.71,34.0268,"May 18, 2026",2.06,0.1343,0.3568,75.63,1.94,17.13% 15.39%,2.98,0.1164,0.2667,1.43,195.34,0.2223,1.05,0.1152,0.3653,0.97,241.16,15200.0,1.05,Apr 29 AMC,0.8027,10330000.0,254.54,"Oct 08, 1980",Yes / Yes,2.51% 1.22%,,10050395.0,0.0555,0.0935,0.056299999999999996
LIN,Linde Plc,Basic Materials,Specialty Chemicals,United Kingdom,NASD,"NDX, S&P 500",34.75,15.07,0.0053,462600000.0,0.030899999999999997,242200000000.0,26.71,0.095,-0.010700000000000001,460160000.0,0.020099999999999996,266089999999.99997,2.84,4.48,0.8545,0.013999999999999999,0.06,7080000000.0,6.99,0.0877,0.0034999999999999996,2.82,0.3333,34660000000.0,6.28,0.08380000000000001,6450000.0,0.2279,83.37,61.18,0.0942,0.18489999999999998,522.89 0.13%,0.1127,8.56,47.53,21.09% 25.41%,0.12119999999999999,387.78 35.02%,0.44630000000000003,6.46 (1.23%),20.14,0.62% 4.52%,0.3779,0.7979,6.20 (1.18%),7.68,0.0922,0.27149999999999996,10.59,,"Jun 04, 2026",0.69,0.0496,0.20440000000000003,61.54,1.65,8.63% 9.28%,0.83,0.1336,0.03,0.72,543.25,0.4107,0.68,0.0825,0.0378,0.96,515.44,65177.0,0.51,May 01 BMO,0.12179999999999999,2280000.0,523.57,"Oct 31, 2018",Yes / Yes,1.40% 2.13%,,2190782.0,0.0158,0.021400000000000002,0.0192
LITE,Lumentum Holdings Inc,Technology,Communication Equipment,USA,NASD,"NDX, S&P 500",171.04,5.39,0.025699999999999997,77800000.0,0.067,71700000000.0,49.74,1.2593,-0.0508,75800000.0,-0.1056,71840000000.0,0.35,2.95,1.0290000000000001,0.1349,0.4804,438200000.0,28.81,2.9806,-0.027999999999999997,1.59,1.5179,2490000000.0,22.22,0.08,10220000.0,1.5002000000000002,41.47,22.6,1.4194,0.22829999999999998,1085.68 -15.12%,9.778500000000001,40.78,628.92,-48.22% -26.60%,0.1449,81.93 1024.81%,16.2933,,141.47,-1.33% -0.40%,0.35359999999999997,10.4069,,28.87,1.9638,0.1018,85.22,36.5687,,0.97,0.6898000000000001,0.1761,51.7,1.5,- -,1.14,3.3276,0.0174,1.47,1132.81,0.0,1.11,0.9012,0.0231,0.7,889.59,10562.0,0.02,May 05 AMC,0.853,6430000.0,921.56,"Jul 23, 2015",Yes / Yes,4.33% -0.22%,,4494868.0,0.0359,0.0953,0.0941
LRCX,Lam Research Corp,Technology,Semiconductor Equipment & Materials,USA,NASD,"NDX, S&P 500",69.23,5.3,0.0034000000000000002,1250000000.0,0.2095,458720000000.0,45.79,0.41009999999999996,-0.0712,1250000000.0,0.2416,457710000000.0,1.4,1.67,0.8452,0.025699999999999997,0.7286,6710000000.0,21.16,0.37229999999999996,-0.014199999999999999,3.24,1.18,21680000000.0,43.34,0.3292,32070000.0,1.1428,8.46,96.55,0.3261,0.6676000000000001,364.81 0.55%,3.0019,3.8,76.39,8.24% 22.42%,0.4686,87.75 318.02%,4.8453,1.04 (0.28%),58.32,2.38% 12.92%,0.49979999999999997,4.7126,1.01 (0.28%),21.11,0.47729999999999995,0.34259999999999996,20.93,43.532,"Jun 17, 2026",1.77,0.26530000000000004,0.3094,68.54,1.57,15.31% 14.87%,2.54,0.40549999999999997,0.1551,1.82,330.97,0.22149999999999997,0.35,0.2376,0.2829,0.92,362.52,19000.0,0.35,Apr 22 AMC,0.7938,9910000.0,366.81,"May 04, 1984",Yes / Yes,7.78% 1.58%,,9119842.0,0.0118,0.08410000000000001,0.0564
MAR,Marriott International Inc,Consumer Cyclical,Lodging,USA,NASD,"NDX, S&P 500",42.24,9.53,0.2032,264700000.0,0.0256,106150000000.0,30.95,0.1226,-0.002,210100000.0,0.1495,123100000000.0,2.39,3.05,0.6122,0.028900000000000002,0.2828,2580000000.0,3.99,0.1564,-0.08410000000000001,4.19,0.4028,26580000000.0,,0.09480000000000001,6070000.0,0.2975,-15.46,233.8,0.1293,,398.96 0.90%,0.5292,1.72,37.59,9.52% -,0.21350000000000002,253.55 58.76%,1.2247,2.82 (0.70%),27.51,8.02% 19.89%,0.1955,1.8055,2.74 (0.68%),4.63,0.08460000000000001,0.1602,8.93,5.0541,"May 22, 2026",0.46,0.046900000000000004,0.09720000000000001,69.7,2.38,38.21% 40.63%,0.46,0.014199999999999999,0.0625,1.08,382.26,0.2777,,0.062400000000000004,0.1008,0.77,396.89,414000.0,,May 06 BMO,0.2712,1450000.0,402.54,"Mar 23, 1998",Yes / Yes,6.38% 1.03%,,1115104.0,0.014199999999999999,0.0246,0.022000000000000002
MCHP,Microchip Technology Inc,Technology,Semiconductors,USA,NASD,"NDX, S&P 500",441.13,0.22,0.02,542080000.0,0.0781,51630000000.0,23.33,0.29710000000000003,-0.0688,531240000.0,-0.0152,57030000000.0,0.58,0.7,0.9681000000000001,0.0616,0.5376,118800000.0,10.95,0.9194,-0.0032,3.13,0.40270000000000006,4710000000.0,8.03,0.0155,32729999.999999996,0.4947,11.87,214.85,0.4006,0.034,105.91 -10.07%,0.402,0.44,59.27,-62.14% -19.53%,0.0191,48.52 96.29%,0.14859999999999998,1.83 (1.92%),46.78,-17.65% -2.82%,0.4355,0.23620000000000002,1.82 (1.91%),12.1,54.4634,0.1124,4.97,2.6456,"May 22, 2026",1.18,0.0708,0.0252,54.48,1.55,13.04% 19.40%,2.09,1.7290999999999999,0.018000000000000002,1.72,116.35,8.3525,0.88,0.35109999999999997,0.0766,0.79,92.94,17900.0,0.87,May 07 AMC,0.3246,10470000.0,95.24,"Mar 19, 1993",Yes / Yes,12.89% 3.78%,,8287157.0,0.024700000000000003,0.059500000000000004,0.0479
MDLZ,Mondelez International Inc,Consumer Defensive,Confectioners,USA,NASD,"NDX, S&P 500",31.23,2.02,0.0021,1280000000.0,0.015300000000000001,80860000000.0,18.63,0.10679999999999999,-0.0011,1280000000.0,0.0239,100900000000.0,2.38,0.68,0.8656,0.0271,0.1476,2610000000.0,2.06,0.0462,0.0015,4.1,0.1689,39300000000.0,3.14,0.0373,34700000.0,0.1702,20.06,49.58,0.0782,0.1013,71.15 -11.47%,-0.0753,1.27,31.4,-1.26% -5.21%,0.062400000000000004,51.20 23.03%,-0.1349,2.06 (3.28%),16.04,6.96% 7.71%,0.3119,-0.0124,1.97 (3.13%),2.57,-0.251,0.125,1.28,0.3992,"Jun 30, 2026",0.37,0.0779,0.0664,58.85,1.89,9.69% 10.08%,0.54,0.414,0.0184,0.39,67.05,1.0273999999999999,0.84,0.0824,0.0458,0.94,63.36,91000.0,0.62,Apr 28 AMC,0.0691,8470000.0,62.99,"Jun 13, 2001",Yes / Yes,3.64% 3.39%,,7936063.0,-0.0058,0.02,0.0202
MELI,MercadoLibre Inc,Consumer Cyclical,Internet Retail,Uruguay,NASD,NDX,41.97,37.87,0.0754,50700000.0,-0.0113,80590000000.0,28.09,0.45280000000000004,-0.0001,46880000.0,0.0177,80310000000.0,1.08,8.74,0.78,0.0236,-0.0481,1920000000.0,2.53,-0.0115,-0.0102,2.02,-0.1934,31800000000.0,11.07,0.051500000000000004,1100000.0,-0.2108,143.62,4.71,0.2596,0.3126,2645.22 -39.91%,-0.3289,337.57,9.41,60.24% -,0.1369,1495.00 6.33%,0.2839,,20.38,39.97% 48.70%,0.4386,0.1413,,2.53,-0.0684,0.0959,61.45,10.8371,"Dec 28, 2017",1.14,0.4211,0.0604,41.17,1.38,- -,1.16,-0.1559,-0.0302,1.35,2244.5,0.0,2.31,0.4903,-0.0765,1.09,1610.0,123670.0,0.93,May 07 AMC,-0.2011,546.59K,1589.6,"Aug 10, 2007",Yes / Yes,-3.20% 5.99%,,595497.0,-0.0127,0.0395,0.0356
META,Meta Platforms Inc,Communication Services,Internet Content & Information,USA,NASD,"NDX, S&P 500",20.61,27.51,0.13699999999999998,2200000000.0,-0.043899999999999995,1439240000000.0,16.2,0.0637,-0.0006,2190000000.0,-0.0805,1444480000000.0,0.82,7.18,0.6742,0.0147,-0.0761,70590000000.0,6.7,0.4011,-0.001,1.89,-0.12789999999999999,214960000000.0,5.91,0.209,32270000.000000004,-0.1411,96.01,17.65,0.19690000000000002,0.3293,796.25 -28.79%,-0.18230000000000002,32.11,29.83,39.86% 18.41%,0.2152,520.26 8.98%,1.0918,1.98 (0.35%),13.21,19.89% 18.51%,0.8194,0.7116,2.10 (0.37%),6.72,0.060700000000000004,0.4121,18.57,3.8618,"Jun 15, 2026",2.35,0.2618,0.3284,34.66,1.25,- -,2.35,0.6249,-0.0616,1.25,822.35,0.0894,0.36,0.3308,-0.0882,0.84,568.43,78865.0,0.35,Apr 29 AMC,-0.1384,17090000.0,566.98,"May 18, 2012",Yes / Yes,55.89% 1.36%,,14303993.0,-0.0026,0.0282,0.028900000000000002
MNST,Monster Beverage Corp,Consumer Defensive,Beverages - Non-Alcoholic,USA,NASD,"NDX, S&P 500",45.05,2.06,0.29109999999999997,977920000.0,0.0366,90790000000.0,35.95,0.12710000000000002,-0.0015,693290000.0,0.0803,87800000000.0,2.91,0.58,0.6734,0.030299999999999997,0.2039,2029999999.9999998,10.32,0.11220000000000001,0.0063,4.0,0.2568,8790000000.0,10.4,0.21309999999999998,21010000.0,0.2108,8.92,30.42,0.1234,0.26649999999999996,92.46 0.40%,0.4575,3.05,43.82,20.10% 7.99%,0.2328,58.09 59.80%,0.603,,32.55,9.54% 12.52%,0.5547,0.9856999999999999,,9.99,0.36219999999999997,0.2934,1.9,2.6275999999999997,,2.8,0.18059999999999998,0.2311,71.62,2.04,- -,3.26,0.27649999999999997,0.0466,0.53,91.67,0.0,0.0,0.26890000000000003,0.1318,0.87,92.03,6891.0,0.0,May 07 AMC,0.2289,5250000.0,92.83,"Dec 09, 1985",Yes / Yes,10.06% 8.90%,,4578439.0,0.0087,0.0192,0.0191
MPWR,Monolithic Power System Inc,Technology,Semiconductors,USA,NASD,"NDX, S&P 500",113.64,13.88,0.0358,49130000.0,0.065,77490000000.0,52.57,0.2515,-0.18780000000000002,47370000.0,-0.0443,76150000000.0,2.11,5.85,0.9695999999999999,0.049,0.4985,675360000.0,26.21,0.34909999999999997,-0.0254,3.65,0.6111,2960000000.0,21.07,0.1636,2320000.0,0.7403,74.85,56.68,0.24960000000000002,0.1945,1714.09 -7.98%,1.1951,27.83,123.09,12.44% 29.77%,0.1827,670.00 135.42%,1.9975,7.83 (0.50%),88.83,15.86% 27.00%,0.5518,3.5435000000000003,6.68 (0.42%),25.75,-0.6309,0.2709,94.7,21.8365,"Mar 31, 2026",3.52,0.239,0.2284,51.46,1.61,27.65% 25.55%,4.79,0.408,0.0042,1.68,1820.0,0.485,0.01,0.2614,0.0382,0.84,1589.55,4501.0,0.01,Apr 30 AMC,0.3944,635.91K,1577.32,"Nov 19, 2004",Yes / Yes,4.10% 2.85%,,534638.0,-0.0077,0.07,0.0552
MRVL,Marvell Technology Inc,Technology,Semiconductors,USA,NASD,NDX,95.58,2.93,0.0077,875600000.0,0.0616,244680000000.0,45.59,0.5203,-0.037200000000000004,868070000.0,0.5718,246360000000.0,0.99,0.92,0.7814,0.0406,2.1835,2530000000.0,28.07,0.4211,0.0072,1.03,2.0248,8720000000.0,13.44,0.1076,35220000.0,2.2914,20.8,63.66,0.46259999999999996,0.1603,324.20 -13.73%,3.0164,4.39,146.92,- -,0.10710000000000001,61.44 355.24%,3.5077,0.24 (0.09%),90.86,11.45% 22.51%,0.5064,4.3685,0.24 (0.09%),28.26,6.2048000000000005,0.1641,26.17,27.4827,"Apr 10, 2026",2.66,0.3407,0.2899,62.99,1.43,0.00% 0.00%,3.28,-0.81,0.19699999999999998,2.16,241.26,0.0782,0.3,0.2757,0.5284,1.23,280.71,7480.0,0.29,May 27 AMC,1.5774000000000001,34220000.0,279.7,"Jun 27, 2000",Yes / Yes,0.21% 0.49%,,41935824.0,-0.0036,0.11460000000000001,0.09939999999999999
MSFT,Microsoft Corp,Technology,Software - Infrastructure,USA,NASD,"DJIA, NDX, S&P 500",23.27,16.79,0.0154,7430000000.0,-0.0622,2902590000000.0,20.09,0.1577,-0.0002,7310000000.0,-0.035699999999999996,2949750000000.0,1.07,4.24,0.7478,0.0121,-0.012199999999999999,125220000000.0,9.12,0.2318,-0.0179,2.54,-0.18350000000000002,318270000000.0,7.01,0.1993,88700000.0,-0.19210000000000002,55.78,37.08,0.18719999999999998,0.34009999999999996,555.45 -29.65%,-0.184,10.54,39.81,12.24% 18.80%,0.2402,356.28 9.67%,0.1775,3.68 (0.94%),15.32,12.42% 14.52%,0.6831,0.5151,3.56 (0.91%),9.27,0.2964,0.46799999999999997,12.18,6.5901,"Aug 20, 2026",1.27,0.1787,0.3934,37.09,1.23,10.21% 10.23%,1.28,0.2332,-0.0691,1.13,559.29,0.2434,0.3,0.183,-0.051100000000000007,1.0,390.34,228000.0,0.26,Apr 29 AMC,-0.1388,34880000.0,390.74,"Mar 13, 1986",Yes / Yes,5.18% 1.77%,,34756100.0,0.001,0.026600000000000002,0.027999999999999997
MSTR,Strategy Inc,Technology,Software - Application,USA,NASD,NDX,,-40.16,0.0579,350450000.0,0.029300000000000003,43440000000.0,15.37,-0.8390000000000001,-0.0095,330170000.0,-0.3037,58480000000.0,,24.37,0.5749,0.11410000000000001,-0.1124,-12780000000.0,88.58,4.2893,0.07200000000000001,2.03,-0.3286,490470000.0,1.17,-0.248,37680000.0,-0.1841,105.95,19.67,,-0.30760000000000004,457.22 -72.89%,-0.6736,6.3,,-5.47% -187.39%,-0.226,104.17 19.01%,3.4642,,,-1.49% -0.15%,0.6811,1.4005,,119.23,-0.6343,-0.0825,10.41,5.6026,,6.05,0.0679,-26.047199999999997,37.22,1.32,- -,6.05,-1.3203,-0.1421,3.52,336.33,,0.18,0.1192,-0.1991,0.9,120.15,1539.0,0.18,May 05 AMC,-0.3682,18610000.0,123.97,"Jun 11, 1998",Yes / Yes,-4337.35% 2.94%,,16688192.0,0.0318,0.0729,0.0634
MU,Micron Technology Inc,Technology,Semiconductors,USA,NASD,"NDX, S&P 500",46.34,21.18,0.0044,1130000000.0,0.1361,1106990000000.0,9.02,0.8043,-0.043,1120000000.0,0.22149999999999997,1103180000000.0,0.07,19.96,0.7814,0.0334,1.3034999999999999,24110000000.0,19.05,6.2759,-0.0192,0.74,2.7223,58120000000.0,15.28,0.2762,37550000.0,2.4393000000000002,64.24,75.74,1.3652000000000002,0.3982,1089.29 -9.89%,7.449,12.96,107.67,-0.66% 26.19%,0.2916,103.38 849.52%,13.553199999999999,0.57 (0.06%),29.8,6.71% 11.76%,0.5854,11.3722,0.49 (0.05%),18.98,4.1018,0.4865,73.64,79.8575,"Mar 30, 2026",2.32,0.8554999999999999,0.41490000000000005,60.77,1.38,2.27% -,2.9,7.563400000000001,0.09910000000000001,2.16,867.73,0.060599999999999994,0.15,1.9628999999999999,0.4486,0.8,995.87,53000.0,0.14,Jun 24 AMC,1.5715999999999999,50870000.0,981.61,"Jun 01, 1984",Yes / Yes,32.81% 19.50%,,40448490.0,-0.0143,0.092,0.07400000000000001
NFLX,Netflix Inc,Communication Services,Entertainment,USA,NASD,"NDX, S&P 500",25.96,3.09,0.0064,4210000000.0,-0.022400000000000003,338300000000.0,20.96,0.0759,-0.0951,4179999999.9999995,-0.0825,342740000000.0,0.96,0.79,0.8214,0.024300000000000002,-0.15710000000000002,13370000000.0,7.16,0.4083,0.0045000000000000005,2.7,-0.1334,47280000000.0,10.87,0.2365,101570000.0,-0.1431,7.39,27.51,0.2191,0.485,134.12 -40.10%,-0.33880000000000005,2.92,28.44,36.44% 32.98%,0.28800000000000003,75.01 7.11%,0.8948999999999999,0.27 (0.33%),10.88,12.72% 12.61%,0.49439999999999995,0.6437,,7.25,0.4593,0.303,2.15,7.5696,,1.41,0.1857,0.2829,29.04,1.65,- -,1.41,0.8579000000000001,-0.0557,1.5,115.93,0.0,0.54,0.1931,-0.1157,0.94,81.27,16000.0,0.49,Apr 16 AMC,-0.1902,37690000.0,80.34,"May 23, 2002",Yes / Yes,61.21% 0.60%,,35239778.0,-0.011399999999999999,0.023,0.0239
NVDA,NVIDIA Corp,Technology,Semiconductors,USA,NASD,"DJIA, NDX, S&P 500",31.42,6.53,0.0407,24220000000.0,0.0004,4965600000000.0,16.44,0.3983,-0.0033,23210000000.0,-0.09140000000000001,4897840000000.0,0.36,2.07,0.6919,0.0123,0.1384,159610000000.0,19.59,0.8717,0.0,1.72,0.1165,253490000000.0,25.42,0.8297,284720000.0,0.1002,8.07,61.63,0.4551,1.1429,236.54 -13.25%,0.41509999999999997,3.33,46.81,204.08% 95.27%,0.7717,140.85 45.67%,4.1971,0.62 (0.30%),29.59,100.05% 66.90%,0.7415,10.511199999999999,0.28 (0.14%),19.32,1.0957,0.6402,8.03,176.6537,"Jun 04, 2026",2.85,0.7068000000000001,0.6297,45.24,1.25,25.99% 14.87%,3.44,2.1342,-0.043899999999999995,2.2,309.93,0.008199999999999999,0.07,0.8523000000000001,-0.0083,0.67,204.87,42000.0,0.06,May 20 AMC,0.0842,165960000.0,205.19,"Jan 22, 1999",Yes / Yes,6.52% 3.43%,,110617988.0,0.0016,0.0334,0.0358
NXPI,NXP Semiconductors NV,Technology,Semiconductors,Netherlands,NASD,"NDX, S&P 500",29.17,10.45,0.0015,252620000.0,0.0301,76970000000.0,17.3,0.1978,-0.0643,252090000.0,0.0216,85330000000.0,0.86,3.5,0.9601000000000001,0.0329,0.5972999999999999,2650000000.0,6.1,0.2457,0.0042,2.29,0.321,12620000000.0,7.05,0.1015,8289999.999999999,0.4045,43.25,20.76,0.20079999999999998,0.262,339.95 -10.32%,0.4023,14.69,27.62,-9.08% 112.19%,0.1211,183.00 66.59%,0.61,4.31 (1.41%),20.71,-2.42% 7.33%,0.5371,0.5157,4.06 (1.33%),6.76,0.1328,0.2631,14.87,2.4475,"Jun 24, 2026",1.55,0.023700000000000002,0.21030000000000001,53.18,1.78,6.30% 22.04%,2.24,1.3033000000000001,-0.013999999999999999,1.79,304.67,0.5072,1.07,0.122,0.1201,0.54,302.55,32169.0,1.0,Apr 28 AMC,0.312,3610000.0,304.86,"Aug 06, 2010",Yes / Yes,2.28% 0.75%,,1957789.0,0.0076,0.057,0.0461
ODFL,Old Dominion Freight Line Inc,Industrials,Trucking,USA,NASD,"NDX, S&P 500",51.39,4.78,0.1168,208150000.0,0.0131,51110000000.0,38.8,0.16440000000000002,-0.004699999999999999,183690000.0,0.299,50860000000.0,2.79,1.48,0.8009999999999999,0.0564,0.35960000000000003,1010000000.0,9.37,0.12390000000000001,-0.0301,5.0,0.5621,5460000000.0,11.63,0.1807,10360000.0,0.5672999999999999,21.14,177.41,0.1392,0.23329999999999998,252.03 -2.49%,0.5131,1.39,50.21,-7.38% 11.25%,0.2279,126.01 95.02%,0.6054999999999999,1.17 (0.47%),29.27,-4.24% 6.48%,0.3153,0.9579000000000001,1.14 (0.46%),9.32,-0.10369999999999999,0.251,9.43,11.2773,"Jun 03, 2026",1.57,-0.04769999999999999,0.18460000000000001,65.83,2.73,23.13% 30.14%,1.57,-0.0458,0.08529999999999999,1.14,225.0,0.23149999999999998,0.01,-0.0292,0.1433,0.52,247.76,20591.0,0.0,Apr 29 BMO,0.4048,2069999.9999999998,245.75,"Oct 24, 1991",Yes / Yes,8.63% 1.58%,,1068359.0,-0.008100000000000001,0.0452,0.0378
ORLY,O'Reilly Automotive Inc,Consumer Cyclical,Auto Parts,USA,NASD,"NDX, S&P 500",29.74,3.06,0.0052,832290000.0,0.0076,75430000000.0,25.14,0.11019999999999999,-0.0242,824430000.0,0.0147,83910000000.0,2.41,0.86,0.8626999999999999,0.0252,-0.005699999999999999,2600000000.0,4.14,0.09789999999999999,-0.015600000000000001,3.45,-0.0279,18210000000.0,,0.1616,20750000.0,-0.0021,-1.28,298.58,0.1045,,108.71 -16.28%,-0.0003,0.3,39.42,9.97% 13.58%,0.3607,85.35 6.64%,0.4974,,20.54,7.26% 8.91%,0.5163,1.5531,,4.61,0.1242,0.1956,2.29,4.2302,,0.13,0.07919999999999999,0.14300000000000002,52.89,1.48,- -,0.76,0.151,0.015600000000000001,0.51,111.13,0.0,,0.1024,-0.008,1.08,90.1,92923.0,,Apr 29 AMC,-0.0507,6010000.0,91.02,"Apr 23, 1993",Yes / Yes,3.58% 2.30%,,6509240.0,0.0102,0.0225,0.0248
PANW,Palo Alto Networks Inc,Technology,Software - Infrastructure,USA,NASD,"NDX, S&P 500",230.01,1.22,0.0102,813000000.0,0.0278,227890000000.0,68.44,0.08289999999999999,-0.0202,806650000.0,0.2275,226840000000.0,5.42,0.97,0.7922,0.0318,0.6742,842800000.0,21.49,0.1297,0.09519999999999999,3.07,0.44909999999999994,10610000000.0,8.22,0.024700000000000003,25680000.0,0.518,34.03,73.02,0.1263,0.0483,302.95 -7.70%,0.4146,3.83,60.07,- -,0.0285,139.57 100.34%,1.4406,,120.19,18.79% 22.03%,0.7193999999999999,3.5858999999999996,,21.39,-0.33049999999999996,0.0701,13.16,11.7817,,0.81,0.19510000000000002,0.0795,64.84,1.54,- -,0.81,-1.5965,0.0524,0.94,320.25,0.0,0.07,0.3115,0.2989,0.81,279.53,16068.0,0.07,Jun 02 AMC,0.43939999999999996,8359999.999999999,279.62,"Jul 20, 2012",Yes / Yes,7.20% 2.00%,,6760331.0,0.0003,0.053,0.0528
PAYX,Paychex Inc,Technology,Software - Application,USA,NASD,"NDX, S&P 500",22.18,4.54,0.1025,358300000.0,0.001,36050000000.0,17.01,0.07719999999999999,0.0,321570000.0,0.1191,39240000000.0,2.03,1.31,0.8229000000000001,0.0622,0.0866,1640000000.0,5.69,0.10310000000000001,-0.0011,5.58,-0.1085,6330000000.0,8.98,0.1139,20010000.0,-0.10300000000000001,11.2,19.7,0.0839,0.40259999999999996,154.90 -35.04%,-0.3444,5.11,17.56,6.07% 8.52%,0.18969999999999998,85.45 17.76%,-0.11019999999999999,4.41 (4.38%),12.78,6.51% 6.64%,0.7298,-0.0416,4.43 (4.40%),6.19,-0.0579,0.4192,2.92,0.8443999999999999,"May 13, 2026",1.26,0.16440000000000002,0.2584,58.96,3.3,13.22% 10.14%,1.26,0.08650000000000001,0.032,0.81,101.85,0.8781,1.25,0.19870000000000002,0.0719,0.73,99.27,19000.0,1.15,Jun 24 BMO,-0.064,3590000.0,100.63,"Aug 26, 1983",Yes / Yes,2.14% 1.50%,,2616237.0,0.0137,0.0268,0.0286
PCAR,Paccar Inc,Industrials,Farm & Heavy Construction Machinery,USA,NASD,"NDX, S&P 500",25.22,4.7,0.0187,526260000.0,0.0158,62380000000.0,17.68,0.1813,-0.0166,516440000.00000006,0.0603,68459999999.99999,1.16,1.36,0.7236,0.0274,0.0276,2480000000.0,2.25,0.1328,-0.0088,5.05,0.057699999999999994,27770000000.0,3.16,0.0574,14150000.0,0.0823,37.54,7.04,0.1524,0.1311,131.88 -10.13%,0.2818,16.83,20.13,-7.80% 12.60%,0.0713,88.92 33.29%,0.6414,3.18 (2.68%),18.23,-0.45% 8.73%,0.1537,1.1677,1.33 (1.12%),2.47,-0.2877,0.1057,3.29,3.0192,"May 13, 2026",1.99,-0.1413,0.0892,56.12,2.55,11.59% 9.20%,2.36,0.1973,0.045,0.96,127.46,0.2927,0.76,-0.08960000000000001,0.006999999999999999,0.93,117.58,25900.0,0.76,Apr 28 BMO,0.0667,2800000.0,118.52,"Jan 03, 1978",Yes / Yes,-0.08% -3.19%,,2614155.0,0.008,0.0348,0.0264
PDD,PDD Holdings Inc ADR,Consumer Cyclical,Internet Retail,China,NASD,NDX,8.89,9.17,0.0242,1420000000.0,-0.041299999999999996,116090000000.0,6.55,0.2057,-0.0001,1390000000.0,-0.18109999999999998,42680000000.0,0.57,2.79,0.2777,0.0248,-0.20550000000000002,13620000000.0,1.86,-0.0333,-0.0216,3.89,-0.2925,62320000000.0,1.89,0.16469999999999999,34420000.0,-0.2807,43.06,1.57,0.11560000000000001,0.2552,139.41 -41.50%,-0.2114,52.1,,38.01% -,0.22089999999999999,78.87 3.41%,0.0719,,,45.79% 47.45%,0.5598,-0.33130000000000004,,0.68,-0.018500000000000003,0.2214,3.13,,,2.54,0.11689999999999999,0.2186,32.44,1.81,- -,2.54,-0.10369999999999999,-0.0786,-0.01,119.8,0.0,0.01,0.16690000000000002,-0.1448,0.69,81.3,25474.0,0.01,May 27 BMO,-0.26780000000000004,8850000.0,81.56,"Jul 26, 2018",Yes / Yes,-41.59% -2.78%,,6110248.0,0.0032,0.026600000000000002,0.030899999999999997
PEP,PepsiCo Inc,Consumer Defensive,Beverages - Non-Alcoholic,USA,NASD,"NDX, S&P 500",22.66,6.37,0.0038,1370000000.0,0.0166,197180000000.0,15.87,0.0521,-0.0066,1360000000.0,-0.0335,239240000000.0,2.68,2.22,0.7759999999999999,0.0184,-0.09759999999999999,8730000000.0,2.07,0.0617,0.0023,3.66,-0.0363,95450000000.0,9.23,0.08220000000000001,25090000.0,0.0052,15.63,18.21,0.0593,0.43920000000000003,171.48 -15.87%,0.09050000000000001,7.92,22.3,-2.24% 3.25%,0.1365,127.60 13.06%,-0.2069,5.87 (4.07%),12.48,2.82% 5.94%,0.5422,-0.0232,5.75 (3.98%),2.51,-0.0645,0.1563,2.93,0.39649999999999996,"Jun 05, 2026",0.72,0.0429,0.0915,43.2,2.4,7.45% 6.93%,0.9,0.2735,-0.0075,0.36,168.79,0.9368000000000001,2.47,0.085,-0.0458,0.97,143.73,306000.0,1.99,Apr 16 BMO,-0.0403,6850000.0,144.27,"Dec 18, 1919",Yes / Yes,4.29% 2.63%,,6624494.0,0.0038,0.0173,0.0194
PLTR,Palantir Technologies Inc,Technology,Software - Infrastructure,USA,NASD,"NDX, S&P 500",144.2,0.89,0.0852,2300000000.0,-0.0556,306830000000.0,61.52,0.42560000000000003,-0.0195,2190000000.0,-0.0158,299110000000.0,1.03,0.34,0.5676,0.0315,-0.1521,2280000000.0,58.73,0.9458,-0.0019,1.56,-0.3189,5220000000.0,36.31,0.26940000000000003,69190000.0,-0.2799,3.52,38.18,0.5975,0.3289,207.52 -38.32%,-0.0533,3.35,114.14,- -,0.2634,122.68 4.33%,7.1783,,148.2,32.92% 32.58%,0.8406999999999999,4.1881,,57.26,2.8383,0.38130000000000003,6.55,,,6.91,0.6770999999999999,0.43670000000000003,39.31,1.97,- -,6.91,3.0406,-0.0775,1.56,189.87,0.0,0.03,0.8471,-0.0834,0.79,131.08,4429.0,0.03,May 04 AMC,-0.2021,44380000.0,127.99,"Sep 30, 2020",Yes / Yes,18.96% 5.85%,,35147594.0,-0.0236,0.0395,0.0455
PYPL,PayPal Holdings Inc,Financial,Credit Services,USA,NASD,"NDX, S&P 500",7.79,5.33,0.0011,892000000.0,0.0058,36630000000.0,7.2,0.08529999999999999,-0.1038,881120000.0,-0.0818,38960000000.0,1.21,1.28,0.7687999999999999,0.0562,-0.0751,5060000000.0,1.08,0.0002,-0.049800000000000004,3.22,-0.321,34020000000.000004,1.85,0.0625,49540000.0,-0.28859999999999997,22.45,3.92,0.0596,0.25120000000000003,79.50 -47.76%,-0.4449,10.59,6.66,37.29% 8.84%,0.1689,38.46 7.98%,-0.3483,0.33 (0.80%),5.12,7.21% 9.24%,0.4143,-0.847,0.42 (1.01%),1.15,0.1931,0.1955,1.19,0.1295,"Jun 04, 2026",1.26,0.0697,0.1487,34.53,2.78,- -,1.26,-0.060899999999999996,-0.04,1.34,47.72,0.0259,0.58,0.08810000000000001,-0.0987,0.76,41.24,23800.0,0.5,May 05 BMO,-0.2505,15390000.0,41.53,"Jul 06, 2015",Yes / Yes,5.43% 3.77%,,11748278.0,0.006999999999999999,0.0231,0.0253
QCOM,Qualcomm Inc,Technology,Semiconductors,USA,NASD,"NDX, S&P 500",23.03,9.19,0.001,1060000000.0,-0.0195,223150000000.0,20.02,-0.0149,-0.0709,1050000000.0,-0.0068000000000000005,228620000000.0,,2.21,0.8131999999999999,0.042800000000000005,0.6309,9920000000.0,5.02,-0.10769999999999999,-0.0148,2.19,0.162,44490000000.0,8.22,0.1764,45040000.0,0.2378,25.76,22.77,-0.004699999999999999,0.3608,259.92 -18.54%,0.33409999999999995,9.3,17.85,-23.90% 2.08%,0.23600000000000002,121.99 73.56%,0.7334,3.61 (1.71%),17.59,0.06% 13.48%,0.5479999999999999,0.5727,3.59 (1.70%),5.14,-0.0672,0.2568,17.25,2.9331,"Jun 04, 2026",1.56,0.0521,0.2231,50.6,2.67,6.76% 6.50%,2.37,1.726,-0.046,1.64,193.39,0.6940000000000001,0.56,-0.0346,0.1505,0.69,202.96,52000.0,0.54,Apr 29 AMC,0.2782,20530000.0,211.72,"Dec 13, 1991",Yes / Yes,3.58% 0.08%,,14115535.0,0.0432,0.079,0.0768
REGN,Regeneron Pharmaceuticals Inc,Healthcare,Biotechnology,USA,NASD,"NDX, S&P 500",14.91,41.04,0.037599999999999995,103200000.0,-0.036699999999999997,64180000000.00001,11.3,0.1656,-0.0014000000000000002,100890000.0,-0.1497,58120000000.0,1.01,10.85,0.8695999999999999,0.0298,-0.17920000000000003,4420000000.0,4.3,0.048499999999999995,-0.0063,3.45,-0.15710000000000002,14920000000.0,2.05,0.1128,3000000.0,-0.2069,299.27,7.32,0.1117,0.14550000000000002,821.11 -25.45%,0.17300000000000001,83.57,15.6,2.76% 6.33%,0.1324,503.25 21.64%,-0.1882,3.97 (0.65%),13.26,5.62% 11.04%,0.8093,0.1648,3.64 (0.59%),3.9,0.018500000000000003,0.2576,18.76,0.6454000000000001,"May 20, 2026",2.96,0.0592,0.2965,37.75,1.71,- -,3.57,-0.0716,-0.0227,0.24,838.23,0.0849,0.09,0.19039999999999999,-0.1158,0.82,611.48,15410.0,0.06,Apr 29 BMO,-0.1211,870.56K,612.14,"Apr 02, 1991",Yes / Yes,6.24% 3.59%,,715353.0,0.0011,0.030299999999999997,0.0264
ROP,Roper Technologies Inc,Technology,Software - Application,USA,NASD,"NDX, S&P 500",20.93,16.01,0.0038,102400000.0,0.0084,33799999999.999996,14.04,0.08869999999999999,0.0037,100530000.0,0.0592,43890000000.0,1.66,5.3,1.0055,0.042,-0.045700000000000005,1710000000.0,4.17,0.0955,0.0076,3.56,-0.2426,8119999999.999999,1.82,0.052000000000000005,4230000.0,-0.2475,183.77,88.28,0.08439999999999999,0.0901,575.77 -41.82%,-0.4144,3.79,13.25,8.46% 9.58%,0.06,305.96 9.48%,-0.2622,3.40 (1.01%),13.74,13.73% 10.24%,0.6940000000000001,-0.2706,3.47 (1.04%),5.41,0.152,0.2809,9.88,0.9459000000000001,"Jul 08, 2026",0.49,0.1207,0.2112,50.62,2.48,9.99% 9.99%,0.53,0.5899,0.0175,0.75,454.21,0.2384,0.56,0.11289999999999999,-0.0222,0.95,332.71,19400.0,0.52,Apr 23 BMO,-0.18230000000000002,1190000.0,334.97,"Feb 13, 1992",Yes / Yes,3.50% 1.55%,,1127679.0,0.0068000000000000005,0.026699999999999998,0.028399999999999998
ROST,Ross Stores Inc,Consumer Cyclical,Apparel Retail,USA,NASD,"NDX, S&P 500",33.47,7.18,0.0216,321040000.0,0.0424,77030000000.0,27.81,0.10339999999999999,-0.0069,313840000.0,0.134,77600000000.0,2.21,1.94,0.9170999999999999,0.0268,0.1641,2320000000.0,3.24,0.1839,-0.0052,3.02,0.3207,23780000000.0,12.23,0.1551,8400000.0,0.33299999999999996,19.64,18.55,0.12560000000000002,0.3898,240.51 -0.16%,0.7990999999999999,12.94,29.26,14.72% 93.97%,0.2304,124.49 92.89%,1.2575,1.80 (0.75%),22.62,6.76% 12.67%,0.2809,0.9998,1.70 (0.71%),3.26,0.1346,0.1222,6.12,3.4775,"Jun 09, 2026",0.94,0.1186,0.0974,63.69,1.77,9.32% 42.06%,1.54,0.38060000000000005,0.056600000000000004,0.85,261.19,0.245,0.75,0.2057,0.0674,1.05,239.11,111000.0,0.59,May 21 AMC,0.26789999999999997,2780000.0,240.13,"Aug 08, 1985",Yes / Yes,16.72% 6.54%,,2918882.0,0.0043,0.0222,0.0254
SBUX,Starbucks Corp,Consumer Cyclical,Restaurants,USA,NASD,"NDX, S&P 500",78.64,1.31,0.0021,1140000000.0,0.08130000000000001,117430000000.0,33.68,0.2799,-0.0053,1140000000.0,-0.0275,140130000000.0,1.67,0.65,0.8390000000000001,0.0424,0.0392,1500000000.0,3.05,0.1223,0.0095,6.13,0.2289,38450000000.0,,0.0481,48180000.0,0.2236,-7.43,69.07,0.20199999999999999,,108.88 -5.36%,0.0925,1.49,43.08,-16.85% 15.70%,0.1184,77.99 32.12%,0.04650000000000001,2.51 (2.44%),26.73,4.86% 9.59%,0.1585,-0.08460000000000001,2.47 (2.40%),3.64,-0.5236999999999999,0.0915,2.71,0.8781,"May 15, 2026",0.73,0.0588,0.038900000000000004,58.23,2.5,7.57% 8.27%,0.92,0.3261,0.025,0.96,107.28,1.4981,,0.08810000000000001,0.0241,0.67,102.28,381000.0,,Apr 28 AMC,0.1243,7860000.0,103.04,"Jun 26, 1992",Yes / Yes,17.56% 3.95%,,5291695.0,0.0074,0.026699999999999998,0.0262
SHOP,Shopify Inc,Technology,Software - Application,Canada,NASD,NDX,106.4,1.02,0.0635,1220000000.0,-0.011899999999999999,140460000000.0,45.88,0.2836,0.0,1220000000.0,0.1346,134889999999.99998,1.52,0.4,0.6484000000000001,0.0178,-0.1197,1330000000.0,11.36,0.2891,-0.0229,2.19,-0.35729999999999995,12370000000.0,11.26,0.0968,21690000.0,-0.3276,9.61,24.46,0.3019,0.1131,182.19 -40.59%,-0.0089,4.43,66.12,- 28.70%,0.1052,94.00 15.15%,0.665,,63.15,27.31% 31.58%,0.478,-0.132,,10.91,-0.1775,0.1703,5.93,37.2744,,6.2,0.3185,0.10769999999999999,46.36,1.62,- -,6.2,0.1533,-0.0113,2.58,149.83,0.0,0.01,0.3432,-0.055099999999999996,0.88,110.47,7600.0,0.01,May 05 BMO,-0.2167,9920000.0,108.24,"May 21, 2015",Yes / Yes,5.94% 1.71%,,8710180.0,-0.0202,0.0533,0.049699999999999994
SNDK,Sandisk Corp,Technology,Computer Hardware,USA,NASD,"NDX, S&P 500",68.83,28.77,0.0132,148000000.0,0.2698,293230000000.0,10.53,1.871,-0.0046,146130000.0,0.3682,289700000000.0,,33.58,0.7803,0.063,1.9928,4510000000.0,22.24,20.9056,-0.048799999999999996,0.6,7.5034,13180000000.0,21.27,0.30010000000000003,9210000.0,7.3415,93.09,78.51,,0.39299999999999996,1895.00 4.49%,46.944300000000005,25.22,65.75,12.79% -,0.32289999999999996,39.44 4920.54%,,,51.46,9.93% -,0.5604,,,21.97,3.9516000000000004,0.4158,143.45,,,3.62,0.8276,0.3419,70.6,1.64,- -,4.78,2.7272000000000003,0.2195,4.93,1863.13,,0.02,2.5103,0.531,0.75,1881.51,11000.0,0.01,Apr 30 AMC,2.4553,15440000.0,1980.1,"Feb 13, 2025",Yes / Yes,60.09% 26.06%,,11652230.0,0.0524,0.1128,0.0861
SNPS,Synopsys Inc,Technology,Software - Infrastructure,USA,NASD,"NDX, S&P 500",105.01,4.32,0.0467,191440000.0,-0.0236,86910000000.0,26.26,0.16920000000000002,-0.0005,182530000.0,-0.10880000000000001,95260000000.0,1.58,3.67,0.858,0.030899999999999997,0.1,773270000.0,10.02,0.1452,-0.0070999999999999995,3.1,-0.0461,8670000000.0,2.85,0.0219,5640000.0,-0.0337,159.2,34.94,0.16670000000000001,0.0383,651.73 -30.36%,-0.083,12.99,33.0,8.63% 13.58%,0.018799999999999997,376.18 20.66%,0.0176,,36.94,11.62% 13.86%,0.6487999999999999,0.7254,,10.98,-0.69,0.1202,20.3,7.645499999999999,,1.31,0.396,0.0891,38.82,1.78,- -,1.43,-0.9601999999999999,-0.07429999999999999,1.22,566.7,0.0,0.36,0.4192,-0.044199999999999996,0.7,456.29,28000.0,0.35,May 27 AMC,-0.018500000000000003,1820000.0,453.89,"Feb 26, 1992",Yes / Yes,6.21% 1.12%,,1275464.0,-0.0053,0.0471,0.0426
STX,Seagate Technology Holdings Plc,Technology,Computer Hardware,USA,NASD,"NDX, S&P 500",88.38,10.54,0.0027,224410000.0,0.0986,208770000000.0,34.14,0.8303,-0.29469999999999996,223610000.0,0.1391,211800000000.0,0.47,5.08,0.8498,0.0405,1.4264,2380000000.0,18.96,0.8397,-0.0275,2.31,2.1147,11010000000.0,190.81,0.289,9050000.0,2.3808000000000002,4.88,182.01,0.7216,17.8797,966.80 -3.70%,6.3850999999999996,5.12,86.55,-2.76% 12.31%,0.4878,124.63 647.04%,13.6829,2.91 (0.31%),60.32,-7.94% -2.84%,0.4154,8.6212,2.92 (0.31%),19.24,0.5556,0.29460000000000003,54.09,39.2351,"Jun 24, 2026",0.85,0.2892,0.21600000000000003,64.28,1.59,1.07% 2.08%,1.33,1.0751,0.094,2.08,891.36,0.4225,3.82,0.4407,0.304,0.81,868.09,30000.0,3.45,Apr 28 AMC,1.3029,3920000.0,931.04,"Dec 11, 2002",Yes / Yes,16.65% 5.10%,,3159489.0,0.0725,0.0789,0.0639
TMUS,T-Mobile US Inc,Communication Services,Telecom Services,USA,NASD,"NDX, S&P 500",20.11,9.4,0.551,1090000000.0,0.061799999999999994,204640000000.0,13.93,0.3,-0.0012,485950000.0,-0.0062,322040000000.0,0.7,2.59,0.4138,0.040999999999999995,-0.1301,10540000000.0,2.26,0.0741,0.0031,3.54,-0.0318,90530000000.0,3.67,0.049100000000000005,19950000.0,-0.0687,51.46,53.56,0.1991,0.1802,261.56 -27.70%,-0.1732,3.53,13.09,67.63% 29.65%,0.062,174.02 8.67%,0.4459,4.15 (2.19%),9.71,3.53% 5.24%,0.46649999999999997,0.301,3.94 (2.08%),3.56,-0.08460000000000001,0.21030000000000001,5.22,3.5181999999999998,"May 29, 2026",0.97,0.09480000000000001,0.1165,52.45,1.43,- -,1.09,-0.1193,0.0137,0.3,259.09,0.3766,2.17,0.1063,-0.0097,0.75,185.82,75000.0,2.04,Apr 28 AMC,-0.0928,5630000.0,189.1,"Apr 19, 2007",Yes / Yes,12.95% 0.55%,,4232905.0,0.0177,0.0288,0.0264
TRI,Thomson-Reuters Corp,Industrials,Specialty Business Services,Canada,NASD,NDX,23.56,3.45,0.6976,437900000.0,-0.0538,35540000000.0,16.15,0.1426,0.0,132020000.00000001,-0.0076,37820000000.0,1.23,0.96,0.2262,0.1229,-0.155,1520000000.0,4.64,0.1084,0.0003,8.11,-0.373,7660000000.0,3.02,0.0843,16230000.0,-0.38270000000000004,26.97,88.85,0.13119999999999998,0.1273,218.42 -62.73%,-0.5870000000000001,0.92,17.12,6.55% 8.16%,0.11470000000000001,78.60 3.58%,-0.34490000000000004,2.56 (3.15%),12.62,4.10% 4.55%,0.26739999999999997,-0.1681,2.50 (3.07%),4.94,-0.2908,0.26739999999999997,4.14,0.9379000000000001,"May 20, 2026",0.6,0.0536,0.19870000000000002,42.82,1.57,- 9.46%,0.6,0.0725,-0.041299999999999996,0.79,123.49,0.7152,0.23,0.0984,-0.0768,1.05,80.25,27100.0,0.13,May 05 BMO,-0.32170000000000004,2000000.0,81.41,"Jun 12, 2002",Yes / Yes,2.30% 2.21%,,2098762.0,0.014499999999999999,0.0394,0.047
TSLA,Tesla Inc,Consumer Cyclical,Auto Manufacturers,USA,NASD,"NDX, S&P 500",371.3,1.09,0.2241,3750000000.0,0.0395,1526440000000.0,167.87,0.2837,-0.0002,2910000000.0,-0.0872,1497940000000.0,6.81,0.44,0.43420000000000003,0.0264,0.038900000000000004,3860000000.0,15.6,0.1362,-0.0083,1.31,-0.09970000000000001,97880000000.0,18.14,0.0287,76950000.0,-0.09630000000000001,22.4,33.87,0.2464,0.048600000000000004,498.83 -18.52%,0.2736,12.0,218.06,-33.28% 38.32%,0.039599999999999996,288.77 40.75%,0.6268,,129.27,5.19% 24.63%,0.1907,0.9992,,15.3,-0.3981,0.0541,18.1,26.8644,,1.62,0.0225,0.0395,48.89,2.47,- -,2.04,0.16010000000000002,-0.022400000000000003,1.81,403.89,0.0,0.19,0.1578,0.0204,1.06,399.15,134785.0,0.16,Apr 22 AMC,-0.0223,58910000.0,406.43,"Jun 29, 2010",Yes / Yes,15.85% 1.30%,,62723394.0,0.0182,0.0562,0.0382
TTWO,Take-Two Interactive Software Inc,Communication Services,Electronic Gaming & Multimedia,USA,NASD,"NDX, S&P 500",,-1.61,0.073,185400000.0,-0.0123,39310000000.0,21.13,0.49119999999999997,-0.04650000000000001,172110000.0,-0.06709999999999999,40270000000.0,0.56,0.33,0.8456,0.045,0.0152,-298200000.0,5.91,0.6396000000000001,-0.0252,3.78,-0.1393,6660000000.0,11.18,-0.0321,7750000.0,-0.1729,18.94,19.63,0.37939999999999996,-0.1056,264.79 -20.03%,-0.0969,10.79,85.19,38.68% -,-0.046799999999999994,187.63 12.86%,0.557,,33.69,7.56% 14.56%,0.5424,0.1359,,6.05,0.9364,-0.0165,7.35,4.4239,,1.24,0.1816,-0.044800000000000006,40.23,1.28,- -,1.24,0.9848,-0.0507,0.99,281.52,,0.84,0.061500000000000006,-0.026600000000000002,0.72,212.08,12909.0,0.81,May 21 AMC,-0.0834,2049999.9999999998,211.75,"Apr 15, 1997",Yes / Yes,41.88% 2.16%,,1481604.0,-0.0016,0.0276,0.0355
TXN,Texas Instruments Inc,Technology,Semiconductors,USA,NASD,"NDX, S&P 500",51.51,5.85,0.0026,910000000.0,0.056299999999999996,274050000000.0,33.67,0.1605,-0.15439999999999998,907740000.0,-0.017,282990000000.0,1.51,1.92,0.895,0.0209,0.5784,5340000000.0,14.86,0.4139,0.002,2.49,0.6575,18440000000.0,16.33,0.1566,18980000.0,0.7356999999999999,18.44,53.7,0.2235,0.32159999999999994,331.51 -9.17%,0.5082,5.61,73.65,-16.65% -1.81%,0.17980000000000002,152.73 97.16%,0.7302,5.74 (1.91%),32.31,-4.07% 4.10%,0.5732,0.596,5.62 (1.87%),15.35,0.10490000000000001,0.3602,12.7,3.8638,"May 05, 2026",2.94,0.1489,0.2894,54.82,2.3,5.45% 8.13%,4.46,0.3123,-0.0033,1.31,294.45,1.0097,0.84,0.1858,0.1038,0.7,297.1,33000.0,0.77,Apr 22 AMC,0.44670000000000004,7620000.0,301.12,"Oct 01, 1953",Yes / Yes,23.19% 6.60%,,5362268.0,0.013500000000000002,0.0447,0.039
VRSK,Verisk Analytics Inc,Industrials,Consulting Services,USA,NASD,"NDX, S&P 500",27.99,6.57,0.003,131020000.00000001,0.011399999999999999,24080000000.0,21.23,0.1318,-0.037000000000000005,130630000.0,0.1383,28180000000.0,2.01,1.94,1.0108,0.0635,-0.0866,910200000.0,7.76,0.0684,0.009000000000000001,4.33,-0.14300000000000002,3100000000.0,,0.1873,8289999.999999999,-0.1783,-8.91,45.85,0.1058,4.4405,314.80 -41.61%,-0.41450000000000004,4.01,21.36,2.61% 8.51%,0.2867,155.94 17.87%,-0.1612,1.98 (1.08%),16.35,7.16% 1.99%,0.5941,0.0674,1.85 (1.01%),9.08,-0.0409,0.45,6.27,1.3337,"Jun 15, 2026",1.02,0.058600000000000006,0.2934,59.07,2.09,13.23% 10.76%,1.02,0.0508,0.0435,0.68,223.71,0.2776,,0.0393,0.0461,1.15,182.0,8000.0,,Apr 29 BMO,-0.1241,1920000.0,183.8,"Oct 07, 2009",Yes / Yes,4.62% 1.42%,,2198160.0,0.009899999999999999,0.0327,0.0362
VRTX,Vertex Pharmaceuticals Inc,Healthcare,Biotechnology,USA,NASD,"NDX, S&P 500",26.38,16.87,0.0021,254160000.0,-0.0043,112920000000.0,20.58,0.1198,-0.2465,253280000.0,-0.018000000000000002,107650000000.0,1.91,4.72,0.9442,0.0177,-0.052000000000000005,4340000000.0,9.15,0.0492,-0.011000000000000001,3.56,0.0006,12340000000.0,5.84,0.17579999999999998,4490000.0,-0.018600000000000002,76.18,15.56,0.1076,0.242,507.92 -12.40%,-0.0329,28.6,30.44,6.12% 8.28%,0.2032,362.50 22.74%,0.3063,,20.97,11.34% 14.23%,0.8637999999999999,1.3051,,8.72,5.4648,0.3985,10.91,3.8631,,2.57,0.1175,0.3515,53.84,1.5,- -,3.02,0.6158,0.0147,0.31,553.64,0.0,0.1,0.09699999999999999,0.0187,0.73,445.04,6400.0,0.1,May 04 AMC,0.0148,1260000.0,444.92,"Jul 24, 1991",Yes / Yes,5.35% -0.24%,,924129.0,-0.0003,0.0217,0.023700000000000002
WBD,Warner Bros. Discovery Inc,Communication Services,Entertainment,USA,NASD,"NDX, S&P 500",,-0.70,0.04769999999999999,2510000000.0,0.0282,67640000000.0,,0.9619,-0.0716,2390000000.0,-0.009899999999999999,98200000000.0,,-0.15,0.7251000000000001,0.0255,-0.0059,-1740000000.0,1.82,-5.5404,0.01,2.81,-0.0864,37250000000.0,2.08,-0.0174,60960000.0,-0.0638,12.99,20.49,-0.2863,-0.052300000000000006,30.00 -10.07%,1.6555000000000002,1.32,29.28,- -30.70%,-0.0273,9.98 170.34%,0.9312999999999999,,13.17,3.34% 28.53%,0.3084,-0.12369999999999999,,2.64,0.8426,0.056299999999999996,0.39,0.0317,"Mar 24, 2010",0.73,-0.0278,-0.0466,50.82,2.89,- -,0.73,-5.3591999999999995,0.0017000000000000001,1.54,29.72,0.0,1.0,-0.008,-0.004699999999999999,0.74,26.86,35500.0,0.95,May 06 AMC,0.0852,21670000.0,26.98,"Jul 06, 2005",Yes / Yes,-975.37% 0.05%,,15957549.0,0.0045000000000000005,0.0209,0.0137
WDAY,Workday Inc,Technology,Software - Application,USA,NASD,"NDX, S&P 500",40.81,3.21,0.1945,203000000.0,-0.0934,32310000000.000004,10.36,0.1771,-0.0359,198970000.0,0.12269999999999999,31750000000.0,0.61,2.61,0.8144,0.1359,-0.0172,847000000.0,3.28,0.1625,0.0199,5.3,-0.4128,9850000000.0,4.87,0.0509,27050000.0,-0.391,26.84,7.41,0.1696,0.10859999999999999,253.54 -48.41%,-0.4782,17.66,10.87,- -,0.09050000000000001,110.36 18.52%,-0.3761,,20.21,15.43% 17.27%,0.7576,-0.4315,,3.22,0.7626999999999999,0.1234,7.64,0.6849,,0.96,0.13699999999999998,0.086,46.66,2.07,- -,0.96,2.4694,-0.0356,1.1,173.56,0.0,0.57,0.1429,0.0219,1.31,130.53,21000.0,0.4,May 21 AMC,-0.2804,5100000.0,130.8,"Oct 12, 2012",Yes / Yes,5.78% 1.00%,,6670080.0,0.0021,0.0418,0.0518
WDC,Western Digital Corp,Technology,Computer Hardware,USA,NASD,"NDX, S&P 500",33.6,16.75,0.0097,345000000.0,0.1001,194030000000.0,31.81,0.7718,-0.0435,341350000.0,0.1393,192520000000.0,0.42,3.29,0.9773000000000001,0.0934,1.0674,6390000000.0,16.48,1.0258,-0.0095,4.11,2.0938,11780000000.0,20.06,0.4061,31870000.0,2.2677,28.06,59.94,0.7562000000000001,0.8587,602.54 -6.57%,9.0919,9.39,66.79,0.54% -,0.6546,54.60 931.00%,17.4813,0.49 (0.09%),47.74,-20.28% -10.67%,0.4539,8.9623,0.50 (0.09%),16.35,2.4276,0.3115,35.16,14.9014,"Jun 05, 2026",1.2,-0.1843,0.5428000000000001,61.39,1.69,- -41.82%,1.49,4.8337,0.08650000000000001,2.14,552.96,0.0207,0.18,0.4547,0.2534,0.79,529.29,40000.0,0.01,Apr 30 AMC,1.2183,7750000.0,562.92,"Mar 17, 1980",Yes / Yes,13.57% 2.79%,,6091455.0,0.0635,0.0795,0.0623
WMT,Walmart Inc,Consumer Defensive,Discount Stores,USA,NASD,"DJIA, NDX, S&P 500",42.64,2.84,0.4501,7960000000.0,0.0182,963250000000.0,36.88,0.1298,-0.0045000000000000005,4380000000.0,-0.0793,1033339999999.9999,3.2,0.74,0.3628,0.0183,-0.0433,22740000000.0,1.33,0.1003,-0.0141,3.89,0.0694,725300000000.0,10.22,0.0824,80020000.0,0.0864,11.85,89.78,0.1151,0.2553,135.15 -10.44%,0.2764,1.35,76.74,24.21% 11.53%,0.1501,93.43 29.55%,1.3563999999999998,1.00 (0.82%),23.05,5.27% 4.99%,0.2498,1.5799,0.97 (0.80%),1.42,0.2168,0.0416,2.91,4.1043,"Aug 21, 2026",0.23,0.0587,0.0313,47.29,1.48,7.82% 5.48%,0.77,0.1956,-0.0018,0.59,140.42,0.3444,0.79,0.0733,-0.0363,0.72,120.5,2100000.0,0.61,May 21 BMO,0.0433,20550000.0,121.04,"Nov 20, 1972",Yes / Yes,0.18% 1.66%,,14728704.0,0.0045000000000000005,0.0208,0.0235
XEL,Xcel Energy Inc,Utilities,Utilities - Regulated Electric,USA,NASD,"NDX, S&P 500",22.81,3.47,0.0018,624160000.0,0.0023,49450000000.0,17.45,0.1038,-0.0147,623120000.0,-0.0086,86760000000.0,1.82,0.79,0.9068999999999999,0.0594,-0.032799999999999996,2089999999.9999998,3.35,0.0821,0.0019,7.21,0.0616,14770000000.0,2.08,0.0265,37010000.0,0.0726,38.14,26.06,0.09570000000000001,0.0959,84.23 -5.95%,0.147,3.04,,2.58% 4.20%,0.0346,65.21 21.48%,0.2462,2.40 (3.03%),14.33,-1.36% 4.94%,0.2466,0.1392,2.30 (2.91%),5.87,0.026000000000000002,0.1993,1.63,0.8531,"Jun 15, 2026",0.68,0.0757,0.1416,51.01,1.45,5.35% 5.80%,0.77,0.061,0.004699999999999999,0.41,92.41,0.6655,1.65,0.025,-0.0070999999999999995,1.16,78.27,11534.0,1.54,Apr 30 BMO,0.0109,5130000.0,79.22,"Feb 28, 1949",Yes / Yes,0.36% -4.47%,,5931132.0,0.0121,0.0183,0.0202
ZS,Zscaler Inc,Technology,Software - Infrastructure,USA,NASD,NDX,,-0.49,0.3518,161710000.0,-0.0096,20940000000.0,28.16,0.1167,-0.0007000000000000001,104820000.0,-0.1503,19270000000.0,1.53,1.09,0.542,0.1151,-0.1576,-77390000.0,6.6,0.2556,-0.0039000000000000003,2.85,-0.46759999999999996,3170000000.0,8.85,-0.0124,12070000.0,-0.4242,14.63,5.92,0.18359999999999999,-0.0371,336.99 -61.57%,-0.5703,21.89,23.54,54.06% 21.31%,-0.018600000000000002,114.62 12.99%,-0.1696,,688.1,34.81% 44.03%,0.7629,-0.37670000000000003,,6.07,-0.9158,-0.0447,10.45,,,1.78,0.24609999999999999,-0.024399999999999998,42.78,1.48,- -,1.78,-2.2481,-0.1235,0.98,192.67,,0.79,0.25429999999999997,-0.0864,1.12,126.11,7923.0,0.76,May 26 AMC,-0.39640000000000003,4240000.0,129.52,"Mar 16, 2018",Yes / Yes,6.91% 1.84%,,4750123.0,0.027000000000000003,0.0613,0.0669
